data__locator_id,data__facility_name,data__city,data__state,data__tie_facility,data__artcc_id
00A,TOTAL RF HELIPORT,BENSALEM,PENNSYLVANIA,IPT,ZNY
00AA,AERO B RANCH ARPT,LEOTI,KANSAS,ICT,ZDV
00AK,LOWELL FLD ARPT,ANCHOR POINT,ALASKA,HOM,ZAN
00AL,EPPS AIRPARK ARPT,HARVEST,ALABAMA,ANB,ZME
00AR,ARLAND ARPT,BENNINGTON,KANSAS,ICT,ZKC
00AS,FULTON ARPT,ALEX,OKLAHOMA,ICT,ZFW
00AZ,GRAND CANYON WEST ARPT,PEACH SPRINGS,ARIZONA,null,null
00C,ANIMAS AIR PARK ARPT,DURANGO,COLORADO,DEN,ZDV
00CA,GOLDSTONE /GTS/ ARPT,BARSTOW,CALIFORNIA,RAL,ZLA
00CL,WILLIAMS AG ARPT,BIGGS,CALIFORNIA,RIU,ZOA
00CN,KITCHEN CREEK HELIBASE HELIPORT,PINE VALLEY,CALIFORNIA,SAN,ZLA
00CT,ARPT,THOMASTON,CONNECTICUT,null,null
00F,BROADUS ARPT,BROADUS,MONTANA,GTF,ZLC
00FA,GRASS PATCH ARPT,BUSHNELL,FLORIDA,PIE,ZMA
00FD,DAVIS FLD ARPT,WINFILED,KANSAS,ICT,ZKC
00FL,RIVER OAK ARPT,OKEECHOBEE,FLORIDA,PIE,ZMA
00GA,LT WORLD ARPT,LITHONIA,GEORGIA,MCN,ZTL
00GE,CAFFREY HELIPORT,HIRAM,GEORGIA,MCN,ZTL
00ID,DELTA SHORES ARPT,CLARK FORK,IDAHO,BOI,ZSE
00IG,GOLTL ARPT,MCDONALD,KANSAS,ICT,ZDV
00IL,HAMMER ARPT,POLO,ILLINOIS,IKK,ZAU
00IN,ST MARY MEDICAL CENTER HELIPORT,HOBART,INDIANA,HUF,ZAU
00IS,HAYENGA'S CANT FIND FARMS ARPT,KINGS,ILLINOIS,IKK,ZAU
00KS,HAYDEN FARM ARPT,GARDNER,KANSAS,ICT,ZKC
00KT,ST CLAIRE REGIONAL MEDICAL CENTER HELIPORT,MOREHEAD,KENTUCKY,null,null
00KY,ROBBINS ROOST ARPT,STANFORD,KENTUCKY,LOU,ZID
00LA,SHELL CHEMICAL EAST SITE HELIPORT,GONZALES,LOUISIANA,DRI,ZHU
00LS,LEJEUNE ARPT,ESTERWOOD,LOUISIANA,DRI,ZHU
00M,THIGPEN FLD ARPT,BAY SPRINGS,MISSISSIPPI,GWO,ZME
00MD,SLATER FLD ARPT,FEDERALSBURG,MARYLAND,DCA,ZDC
00MI,THE WALDRON WAY HELIPORT,DAVISON,MICHIGAN,LAN,ZOB
00MN,BATTLE LAKE MUNI ARPT,BATTLE LAKE,MINNESOTA,PNM,ZMP
00MO,COOPER FLYING SERVICE ARPT,ALBA,MISSOURI,COU,ZKC
00MT,LIVINGSTON HEALTHCARE HELIPORT,LIVINGSTON,MONTANA,GTF,ZLC
00N,BUCKS ARPT,BRIDGETON,NEW JERSEY,MIV,ZDC
00NC,NORTH RALEIGH ARPT,LOUISBURG,NORTH CAROLINA,RDU,ZDC
00NJ,COLGATE-PISCATAWAY HELIPORT,NEW BRUNSWICK,NEW JERSEY,MIV,ZNY
00NK,CLICHE COVE SPB,BEEKMANTOWN,NEW YORK,BTV,ZBW
00NR,RODANTHE DARE COUNTY HELIPORT,RODANTHE,NORTH CAROLINA,RDU,ZDC
00NY,WEISS AIRFIELD ARPT,WEST BLOOMFIELD,NEW YORK,BUF,ZOB
00OH,GOOD SAMARITAN MEDICAL CENTER HELIPORT,CINCINNATI,OHIO,DAY,ZID
00OI,MIAMI VALLEY HOSPITAL HELIPORT,DAYTON,OHIO,DAY,ZID
00OK,GULL BAY LANDING ARPT,SANDSPRINGS,OKLAHOMA,MLC,ZKC
00PN,FERRELL FLD ARPT,MERCER,PENNSYLVANIA,AOO,ZOB
00R,LIVINGSTON MUNI ARPT,LIVINGSTON,TEXAS,CXO,ZHU
00S,MC KENZIE BRIDGE STATE ARPT,MC KENZIE BRIDGE,OREGON,MMV,ZSE
00SC,FLYING O ARPT,SUMTER,SOUTH CAROLINA,AND,ZJX
00SD,HOMAN FLD ARPT,GARY,SOUTH DAKOTA,HON,ZMP
00TA,SABINE PILOTS HELIPORT,PORT ARTHUR,TEXAS,CXO,ZHU
00TE,TCJC-NORTHEAST CAMPUS HELIPORT,FORT WORTH,TEXAS,FTW,ZFW
00TN,RAGSDALE ROAD ARPT,MANCHESTER,TENNESSEE,BNA,ZME
00TS,ALPINE RANGE ARPT,EVERMAN,TEXAS,FTW,ZFW
00TX,DELVA FLD ARPT,VAN,TEXAS,FTW,ZFW
00U,BIG HORN COUNTY ARPT,HARDIN,MONTANA,GTF,ZLC
00VA,VAUGHAN ARPT,ALTON,VIRGINIA,DCA,ZDC
00VI,GROUNDHOG MOUNTAIN ARPT,HILLSVILLE,VIRGINIA,DCA,ZTL
00W,LOWER GRANITE STATE ARPT,COLFAX,WASHINGTON,SEA,ZSE
00WA,HOWELL ARPT,LONGBRANCH,WASHINGTON,SEA,ZSE
00WI,NORTHERN LITE ARPT,WAUPACA,WISCONSIN,GRB,ZMP
00WN,HAWKS RUN ARPT,ASOTIN,WASHINGTON,SEA,ZSE
00WV,LAZY J AERODROME ARPT,BEVERLY,WEST VIRGINIA,EKN,ZDC
00WY,MOUNTAIN VIEW RGNL HOSPITAL HELIPORT,CASPER,WYOMING,CPR,ZDV
00XA,WEESKI RANCH ARPT,HEMPSTEAD,TEXAS,CXO,ZHU
00Z,GEOREF PT.,NIHOA ISLAND,HAWAII,null,null
01A,PURKEYPILE ARPT,PURKEYPILE,ALASKA,FAI,ZAN
01AA,DONLIN CREEK ARPT,CROOKED CREEK,ALASKA,ENA,ZAN
01AK,PROVIDENCE SEWARD MEDICAL CENTER HELIPORT,SEWARD,ALASKA,ENA,ZAN
01AL,WARE ISLAND ARPT,CLANTON,ALABAMA,ANB,ZTL
01AR,COMMUNITY HOSPITAL OF DE QUEEN HELIPORT,DE QUEEN,ARKANSAS,JBR,ZFW
01AZ,YAT HELIPORT,CAMP VERDE,ARIZONA,PRC,ZAB
01B,TIPPECANOE SPB,WARSAW,INDIANA,HUF,ZAU
01CA,LUGO SUBSTATION HELIPORT,HESPERIA,CALIFORNIA,RAL,ZLA
01CL,SWANSBORO COUNTRY ARPT,PLACERVILLE,CALIFORNIA,RIU,ZOA
01CO,ST VINCENT GENERAL HOSPITAL HELIPORT,LEADVILLE,COLORADO,DEN,ZDV
01CT,BERLIN FAIRGROUNDS HELIPORT,BERLIN,CONNECTICUT,BDR,ZBW
01D,LAKE WAWASEE SPB,SYRACUSE,INDIANA,HUF,ZAU
01E,LAKE JAMES SPB,ANGOLA,INDIANA,HUF,ZAU
01F,HAMILTON LAKE SPB,HAMILTON,INDIANA,HUF,ZAU
01FA,RYBOLT RANCH ARPT,ORLANDO,FLORIDA,PIE,ZJX
01FD,ADVENT HEALTH ALTAMONTE SPRINGS HELIPORT,ALTAMONTE SPRINGS,FLORIDA,PIE,ZJX
01FL,CEDAR KNOLL FLYING RANCH ARPT,GENEVA,FLORIDA,PIE,ZJX
01G,PERRY-WARSAW ARPT,PERRY,NEW YORK,BUF,ZOB
01GA,MEDICAL CENTER HELIPORT,COLUMBUS,GEORGIA,MCN,ZTL
01GE,THE FARM ARPT,WRIGHTSVILLE,GEORGIA,MCN,ZTL
01H,LAKE MAXINKUCKEE SPB,CULVER,INDIANA,HUF,ZAU
01ID,AFSS,LAVA HOT SPRINGS,IDAHO,null,null
01ID,LAVA HOT SPRINGS ARPT,LAVA HOT SPRINGS,IDAHO,BOI,ZLC
01IL,HOOPESTON COMMUNITY MEML HOSPITAL HELIPORT,HOOPESTON,ILLINOIS,STL,ZAU
01IN,COMMUNITY HOSPITAL HELIPORT,ANDERSON,INDIANA,HUF,ZID
01IS,WILLIAM E KOENIG ARPT,DOW,ILLINOIS,STL,ZKC
01J,HILLIARD AIRPARK ARPT,HILLIARD,FLORIDA,GNV,ZJX
01K,CALDWELL MUNI ARPT,CALDWELL,KANSAS,ICT,ZKC
01KS,ARPT,NEWTON,KANSAS,null,null
01KY,LOURDES HOSPITAL HELIPORT,PADUCAH,KENTUCKY,LOU,ZME
01L,BASS LAKE SPB,WINONA,INDIANA,HUF,ZAU
01LA,BARHAM ARPT,OAK RIDGE,LOUISIANA,DRI,ZFW
01LS,COUNTRY BREEZE ARPT,SLAUGHTER,LOUISIANA,DRI,ZHU
01M,TISHOMINGO COUNTY ARPT,BELMONT,MISSISSIPPI,GWO,ZME
01MA,COMPAQ ANDOVER HELIPORT,ANDOVER,MASSACHUSETTS,BDR,ZBW
01MD,ANNAPOLIS SPB,ANNAPOLIS,MARYLAND,DCA,ZDC
01ME,ST PETER'S SPB,PORTAGE LAKE,MAINE,BGR,ZBW
01MI,FLOW THROUGH TRML HELIPORT,FLINT,MICHIGAN,LAN,ZOB
01MN,BARNES SPB,COOK,MINNESOTA,PNM,ZMP
01MO,HIGHWAY PATROL TROOP C HEADQUARTERS HELIPORT,TOWN AND COUNTRY,MISSOURI,STL,ZKC
01MT,CRYSTAL LAKES RESORT ARPT,FORTINE,MONTANA,GTF,ZSE
01NC,TOPSAIL AIRPARK ARPT,HOLLY RIDGE,NORTH CAROLINA,RDU,ZDC
01NH,MOORE AIRFIELD ARPT,CANAAN,NEW HAMPSHIRE,BTV,ZBW
01NJ,ALBERT GUIDO MEML HELIPORT,NEWARK,NEW JERSEY,MIV,ZNY
01NK,GRANVILLE ARPT,GRANVILLE,NEW YORK,BTV,ZBW
01NM,CHAMPION RANCH ARPT,ARTESIA,NEW MEXICO,ABQ,ZAB
01NR,MCGEE 01 HELIPORT,WILMINGTON,NORTH CAROLINA,RDU,ZDC
01NV,LANTANA RANCH ARPT,YERINGTON,NEVADA,RNO,ZOA
01NY,VASSAR BROTHERS MEDICAL CENTER HELIPORT,POUGHKEEPSIE,NEW YORK,ISP,ZNY
01OH,ATRIUM MEDICAL CENTER HELIPORT,MIDDLETOWN,OHIO,DAY,ZID
01OI,GALION COMMUNITY HOSPITAL HELIPORT,GALION,OHIO,CLE,ZOB
01OK,MERRILL RANCH ULTRALIGHT,MOUNDS,OKLAHOMA,MLC,ZKC
01OL,SPRING CREEK RANCH EAST ARPT,TISHOMINGO,OKLAHOMA,MLC,ZFW
01OR,GRANDE RONDE HOSPITAL EMS HELIPORT,LA GRANDE,OREGON,MMV,ZSE
01PA,POWELL KAISER ARPT,BOLIVAR,PENNSYLVANIA,AOO,ZOB
01PS,NORT'S RESORT ARPT,MESHOPPEN,PENNSYLVANIA,IPT,ZNY
01SC,YORK ARPT,YORK,SOUTH CAROLINA,AND,ZTL
01T,HIGH ISLAND SOUTH ADDITION BLOCK 511 SAWRS,GULF OF MEXICO,OFFSHORE GULF,null,null
01TA,THIRTY THIRTY  MATLOCK OFFICE CENTER HELIPORT,ARLINGTON,TEXAS,FTW,ZFW
01TE,SMITH FLD ARPT,FORNEY,TEXAS,FTW,ZFW
01TN,COLONIAL AIR PARK ARPT,COLLIERVILLE,TENNESSEE,MKL,ZME
01TS,FORT PARKER FLYING FLD ARPT,GROESBECK,TEXAS,FTW,ZFW
01TT,CLUTE FIRE & EMS STATION #1 HELIPORT,CLUTE,TEXAS,CXO,ZHU
01U,DUCKWATER ARPT,DUCKWATER,NEVADA,RNO,ZLC
01UT,LA SAL JUNCTION ARPT,LA SAL,UTAH,CDC,ZDV
01VA,PICKLES ARPT,BERRYVILLE,VIRGINIA,DCA,ZDC
01WA,WILLAPA HARBOR HELIPORT,SOUTH BEND,WASHINGTON,SEA,ZSE
01WI,PREHN CRANBERRY COMPANY ARPT,TOMAH,WISCONSIN,GRB,ZAU
01WN,WHIDBEY GENERAL HOSPITAL HELIPORT,COUPEVILLE,WASHINGTON,SEA,ZSE
01WT,ODYSSEY HELIPORT,RENTON,WASHINGTON,SEA,ZSE
01WY,KEYHOLE ARPT,MOORCROFT,WYOMING,CPR,ZDV
01XA,SETON MEDICAL CENTER HAYS HELIPORT,KYLE,TEXAS,SJT,ZHU
01XS,MEADOWOOD RANCH HELIPORT,ATHENS,TEXAS,FTW,ZFW
01Z,GEOREF PT.,KAULA ROCK,HAWAII,null,null
02A,CHILTON COUNTY ARPT,CLANTON,ALABAMA,ANB,ZTL
02AA,BAREFOOT ARPT,BIG LAKE,ALASKA,ENA,ZAN
02AK,RUSTIC WILDERNESS ARPT,WILLOW,ALASKA,ENA,ZAN
02AL,BASS FLD ARPT,FOLEY,ALABAMA,ANB,ZJX
02AR,MOUNT MORIAH FLD ARPT,MURFREESBORO,ARKANSAS,JBR,ZME
02AZ,null,MARANA,ARIZONA,PRC,ZAB
02B,WINONA LAKE SPB,WINONALAKE,INDIANA,null,null
02C,CAPITOL DRIVE ARPT,BROOKFIELD,WISCONSIN,GRB,ZAU
02CA,BETA PLATFORM ELLEN HELIPORT,HUNTINGTON BEACH,CALIFORNIA,RAL,ZLA
02CD,SHANNON FLD ARPT,CLARKSDALE,MISSISSIPPI,GWO,ZME
02CL,CONOVER AIR LODGE ARPT,FRAZIER PARK,CALIFORNIA,RIU,ZLA
02CO,MC CULLOUGH ARPT,MONTE VISTA,COLORADO,DEN,ZDV
02CT,STRANGERS POINT HELIPORT,ELLINGTON,CONNECTICUT,BDR,ZBW
02D,WINONA LAKE SPB,WINONA LAKE,INDIANA,HUF,ZAU
02FA,OSBORN AIRFIELD ARPT,GROVELAND,FLORIDA,PIE,ZJX
02FD,TRIPLE R RANCH ARPT,BAKER,FLORIDA,GNV,ZJX
02FL,BAYCARE SOUTH FLORIDA BAPTIST HOSPITAL HELIPORT,PLANT CITY,FLORIDA,PIE,ZMA
02G,COLUMBIANA COUNTY ARPT,EAST LIVERPOOL,OHIO,CLE,ZOB
02GA,DOUG BOLTON FLD ARPT,COMMERCE,GEORGIA,MCN,ZTL
02GE,ETOWAH FIELDS ARPT,EUHARLEE,GEORGIA,MCN,ZTL
02HI,K3 HELIPAD HELIPORT,PEARL HARBOR,HAWAII,HNL,ZHN
02IA,BOONE COUNTY HOSPITAL HELIPORT,BOONE,IOWA,FOD,ZMP
02ID,MORGAN RANCH ARPT,CASCADE,IDAHO,BOI,ZLC
02II,KING ULTRALIGHT,WESTFIELD,INDIANA,HUF,ZID
02IL,HAMMERSMITH ARPT,ELBURN,ILLINOIS,null,null
02IN,DIAMOND P FLD ARPT,MUNCIE,INDIANA,HUF,ZID
02IS,ADVOCATE CONDELL MEDICAL CENTER HELIPORT,LIBERTYVILLE,ILLINOIS,IKK,ZAU
02KS,JMJ LANDING ARPT,ST MARYS,KANSAS,ICT,ZKC
02KT,ST CLAIRE HEALTHCARE HELIPORT,MOREHEAD,KENTUCKY,LOU,ZID
02KY,BOONE NTL GUARD HELIPORT,FRANKFORT,KENTUCKY,LOU,ZID
02LA,LA STATE POLICE TROOP G HELIPORT,BOSSIER CITY,LOUISIANA,DRI,ZFW
02LS,WINDY HILL HELIPORT,BROUSSARD,LOUISIANA,DRI,ZHU
02MA,CUTTYHUNK HELIPORT,GOSNOLD,MASSACHUSETTS,BDR,ZBW
02MD,GARNER FLD ARPT,BRANDYWINE,MARYLAND,DCA,ZDC
02ME,NADEAU'S AIRFIELD ARPT,ACTON,MAINE,BGR,ZBW
02MI,FAIRPLAINS AIRPARK ARPT,GREENVILLE,MICHIGAN,LAN,ZAU
02MN,GREGORY ARPT,CAMBRIDGE,MINNESOTA,PNM,ZMP
02MO,TROY AIRPARK ARPT,TROY,MISSOURI,STL,ZKC
02MS,WATTS FLD ARPT,ROCHDALE,MISSISSIPPI,GWO,ZME
02MT,STEPPLER FLD ARPT,CULBERTSON,MONTANA,BOI,ZLC
02NH,IROQUOIS LANDING SPB,DUMMER,NEW HAMPSHIRE,BGR,ZBW
02NJ,MERCK KENILWORTH CAMPUS HELIPORT,KENILWORTH,NEW JERSEY,MIV,ZNY
02NR,MCGEE 02 HELIPORT,GREENVILLE,NORTH CAROLINA,RDU,ZDC
02NV,PAIUTE MEADOWS ARPT,WINNEMUCCA,NEVADA,RNO,ZLC
02NY,HANSEN HELIPORT,DURHAMVILLE,NEW YORK,BUF,ZBW
02OK,BOBBITT ARPT,LAMONT,OKLAHOMA,MLC,ZKC
02OL,WAR VETERANS COLONY HELIPORT,WILBURTON,OKLAHOMA,MLC,ZFW
02PA,LAG III HELIPORT,MONROEVILLE,PENNSYLVANIA,AOO,ZOB
02PN,PECO BERWYN HELIPORT,BERWYN,PENNSYLVANIA,IPT,ZNY
02PR,CUYLERS ARPT,VEGA BAJA,PUERTO RICO,SJU,ZSU
02R,"ENGLAND AFB, PEASON RIDGE GUNNERY RANGE IRREGULAR WOS",ALEXANDRIA,LOUISIANA,null,null
02SC,HARPERS ARPT,ESTILL,SOUTH CAROLINA,AND,ZJX
02T,WISE RIVER ARPT,WISE RIVER,MONTANA,GTF,ZLC
02TA,MATAGORDA SHORE FACILITY HELIPORT,MATAGORDA,TEXAS,CXO,ZHU
02TE,BAYLOR MEDICAL CENTER HELIPORT,WAXAHACHIE,TEXAS,FTW,ZFW
02TN,ELLIS FLD ARPT,MURFREESBORO,TENNESSEE,BNA,ZME
02TS,EL TESORO RANCH ARPT,CHARLOTTE,TEXAS,SJT,ZHU
02TX,NACOGDOCHES MEML HOSPITAL HELIPORT,NACOGDOCHES,TEXAS,CXO,ZHU
02UT,LUCIN ARPT,LUCIN,UTAH,CDC,ZLC
02VA,THE GREENHOUSE ARPT,CULPEPER,VIRGINIA,DCA,ZDC
02WA,CAWLEYS SOUTH PRAIRIE ARPT,SOUTH PRAIRIE,WASHINGTON,SEA,ZSE
02WI,BEER ARPT,HUDSON,WISCONSIN,GRB,ZMP
02WN,FOWLER FLD ARPT,TONASKET,WASHINGTON,SEA,ZSE
02WY,ARPT,SUNDANCE,WYOMING,null,null
02XA,JLS FARMS ARPT,HONEY GROVE,TEXAS,FTW,ZFW
02XS,SEIDEL RANCH ARPT,ELROY,TEXAS,SJT,ZHU
02Z,GEOREF PT.,LEHUA ISLAND,HAWAII,null,null
03A,GROUND BASED TRANSCEIVER (GBT),PITTSGROVE,NEW JERSEY,null,null
03AA,TRAPPER T HELIPORT,PALMER,ALASKA,ENA,ZAN
03AK,JOE CLOUDS SPB,KENAI,ALASKA,ENA,ZAN
03AK,CERAP,KENAI,ALASKA,null,null
03AL,HIGHLAND MEDICAL CENTER HELIPORT,SCOTTSBORO,ALABAMA,ANB,ZTL
03AR,HSCMH HELIPORT,MALVERN,ARKANSAS,JBR,ZME
03AZ,THOMPSON INTL AVIATION ARPT,HEREFORD,ARIZONA,PRC,ZAB
03B,MANSFIELD MUNI ARPT,MANSFIELD,MISSOURI,COU,ZKC
03CA,GROSSMONT HOSPITAL HELIPORT,LA MESA,CALIFORNIA,SAN,ZLA
03CO,KUGEL-STRONG ARPT,PLATTEVILLE,COLORADO,DEN,ZDV
03D,MEMPHIS MEML ARPT,MEMPHIS,MISSOURI,COU,ZKC
03FA,LAKE PERSIMMON AIRSTRIP ARPT,LAKE PLACID,FLORIDA,PIE,ZMA
03FL,RANGER HELIPORT,WEST PALM BEACH,FLORIDA,MIA,ZMA
03G,THERMAL-G GLIDERPORT,ERIE,PENNSYLVANIA,AOO,ZOB
03GA,HIA ARPT,STATESBORO,GEORGIA,MCN,ZJX
03IA,FLATLANDER ARPT,ELLIOTT,IOWA,FOD,ZMP
03ID,FLYING Y RANCH ARPT,COUNCIL,IDAHO,BOI,ZLC
03II,DAVIS FLD ULTRALIGHT,MOUNT VERNON,INDIANA,HUF,ZID
03IL,WIX ARPT,MONEE,ILLINOIS,IKK,ZAU
03IS,OSF ST ANTHONY'S HEALTH CENTER HELIPORT,ALTON,ILLINOIS,STL,ZKC
03KS,VALLEY GRAIN HELIPORT,HIGHLAND,KANSAS,COU,ZKC
03KY,FLYING H FARMS ARPT,HENDERSON,KENTUCKY,LOU,ZID
03LA,DAMIEN HELIPORT,CARVILLE,LOUISIANA,DRI,ZHU
03LS,FMC NR 1 HELIPORT,WINNSBORO,LOUISIANA,DRI,ZFW
03M,LAKESIDE MARINA SPB,EAST WINTHROP,MAINE,BGR,ZBW
03MA,HADLEY ARPT,HADLEY,MASSACHUSETTS,BDR,ZBW
03MD,UPPER CHESAPEAKE MEDICAL CENTER HELIPORT,BEL AIR,MARYLAND,DCA,ZDC
03ME,MAPLE RIDGE ARPT,HARRISON,MAINE,BGR,ZBW
03MI,HAROLD MILLER HELIPORT,BAY CITY,MICHIGAN,LAN,ZOB
03MN,NAUERTH LAND RANCH ARPT,LAKEFIELD,MINNESOTA,PNM,ZMP
03MO,DORTON ARPT,RICHMOND,MISSOURI,COU,ZKC
03MT,BILLINGS FLYING SERVICE HELIPORT,BILLINGS,MONTANA,GTF,ZLC
03MU,MC DONNELL ARPT,ARCHIE,MISSOURI,COU,ZKC
03N,UTIRIK ARPT,UTIRIK ISLAND,MH,HNL,ZAK
03NC,PILOTS RIDGE ARPT,CAROLINA BEACH,NORTH CAROLINA,RDU,ZDC
03ND,OLAFSON BROTHERS ARPT,EDINBURG,NORTH DAKOTA,GFK,ZMP
03NH,LORDEN HELIPORT,MILFORD,NEW HAMPSHIRE,BGR,ZBW
03NJ,ST JOSEPH'S HOSPITAL HELIPORT,PATERSON,NEW JERSEY,MIV,ZNY
03NM,MINER'S COLFAX MEDICAL CENTER HELIPORT,RATON,NEW MEXICO,ABQ,ZAB
03NR,JOHNSTON MEDICAL CENTER HELIPORT,CLAYTON,NORTH CAROLINA,RDU,ZDC
03NV,LLAMA RANCH ARPT,RUBY VALLEY,NEVADA,RNO,ZLC
03NY,TALMAGE FLD ARPT,RIVERHEAD,NEW YORK,ISP,ZNY
03OH,GIBBS FLD ARPT,FREMONT,OHIO,CLE,ZOB
03OI,"CLEVELAND CLINIC, MARYMOUNT HOSPITAL HELIPORT",GARFIELD HEIGHTS,OHIO,CLE,ZOB
03OK,SAHOMA LAKE ARPT,SAPULPA,OKLAHOMA,MLC,ZKC
03OL,BLUEBIRD ARPT,ALEX,OKLAHOMA,MLC,ZFW
03OR,POWWATKA RIDGE ARPT,TROY,OREGON,MMV,ZSE
03PA,COLLEGEVILLE HELIPORT,COLLEGEVILLE,PENNSYLVANIA,IPT,ZNY
03PN,M P METALS HELIPORT,BERWICK,PENNSYLVANIA,IPT,ZNY
03PR,SUN VIEW FLD ARPT,BONNER SPRINGS,KANSAS,ICT,ZKC
03S,SANDY RIVER ARPT,SANDY,OREGON,MMV,ZSE
03SC,SEACOAST MEDICAL CENTER HELIPORT,LITTLE RIVER,SOUTH CAROLINA,AND,ZJX
03TA,MIDLAND MEML HOSPITAL HELIPORT,MIDLAND,TEXAS,SJT,ZFW
03TE,BARRONENA RANCH ARPT,HEBBRONVILLE,TEXAS,SJT,ZHU
03TN,EAGLES LANDING HELIPORT,SEVIERVILLE,TENNESSEE,BNA,ZTL
03TS,SHANNON MEDICAL CENTER HELIPORT,SAN ANGELO,TEXAS,SJT,ZFW
03TT,BRAZOS POLO ARPT,ORCHARD,TEXAS,CXO,ZHU
03TX,M D K FLD HELIPORT,PEARLAND,TEXAS,CXO,ZHU
03UT,A Z MINERALS CORPORATION ARPT,MEXICAN HAT,UTAH,CDC,ZDV
03VA,SPOTSYLVANIA RGNL MEDICAL CENTER HELIPORT,FREDERICKSBURG,VIRGINIA,DCA,ZDC
03WA,SPANGLE FLD ARPT,SPANGLE,WASHINGTON,SEA,ZSE
03WN,AEROSTONE AIRFIELD ARPT,GOLDENDALE,WASHINGTON,SEA,ZSE
03WT,LOPEZ MEDICAL CLINIC HELIPORT,LOPEZ ISLAND,WASHINGTON,SEA,ZSE
03XA,DEL SOL MEDICAL CENTER HELIPORT,EL PASO,TEXAS,ABQ,ZAB
03XS,CREEKSIDE ARPT,MERTZON,TEXAS,SJT,ZFW
03Z,GEOREF PT.,NIIHAU ISLAND,HAWAII,null,null
04A,FRANK SIKES ARPT,LUVERNE,ALABAMA,ANB,ZJX
04AA,FLYING W RANCH ARPT,SOLDOTNA,ALASKA,ENA,ZAN
04AK,ARPT,KENAI,ALASKA,null,null
04AL,ANNISTON AHP (ANNISTON ARMY DEPOT) HELIPORT,ANNISTON,ALABAMA,ANB,ZTL
04AR,SALINE MEML HOSPITAL HELIPORT,BENTON,ARKANSAS,JBR,ZME
04CA,GRAY BUTTE FLD ARPT,PALMDALE,CALIFORNIA,RAL,ZLA
04CL,DESERT WINGS SKY RANCH ARPT,JULIAN,CALIFORNIA,SAN,ZLA
04CO,ARPT,KIOWA,COLORADO,null,null
04CT,SHINGLE MILL HELIPORT,HARWINTON,CONNECTICUT,BDR,ZBW
04FA,RICHARDS FLD ARPT,HOMESTEAD,FLORIDA,MIA,ZMA
04FD,TAMPA GENERAL HOSPITAL BRANDON HEALTHPLEX HELIPORT,BRANDON,FLORIDA,PIE,ZMA
04FL,CROSS CREEK FARMS ARPT,ORMOND,FLORIDA,PIE,ZJX
04G,LANSDOWNE ARPT,YOUNGSTOWN,OHIO,CLE,ZOB
04IA,MIDDLEKOOP ARPT,PACKWOOD,IOWA,FOD,ZAU
04ID,LANHAM FLD ARPT,EMMETT,IDAHO,BOI,ZLC
04IL,SCHERTZ AERIAL SERVICE - HUDSON ARPT,HUDSON,ILLINOIS,COU,ZKC
04IN,LAKE GAGE SPB,ANGOLA,INDIANA,HUF,ZAU
04IS,VAN GORDER ARPT,MANSFIELD,ILLINOIS,STL,ZAU
04K,GROUND BASED TRANSIEVER (GBT),OFFSHORE GULF,OFFSHORE GULF,null,null
04KS,KRAEMER AIRFIELD ARPT,MINNEOLA,KANSAS,ICT,ZKC
04KY,NATCHEZ TRACE FARM ARPT,HISEVILLE,KENTUCKY,LOU,ZID
04LA,ST JAMES HELIPORT,LUTCHER,LOUISIANA,DRI,ZHU
04LS,LA NTL GUARD HELIPORT,BATON ROUGE,LOUISIANA,DRI,ZHU
04M,CALHOUN COUNTY ARPT,PITTSBORO,MISSISSIPPI,GWO,ZME
04MA,GODDARD ARPT,HAVERHILL,MASSACHUSETTS,BDR,ZBW
04MD,CHESAPEAKE CITY HELIPORT,CHESAPEAKE CITY,MARYLAND,DCA,ZNY
04ME,BEECH HILL ARPT,MERCER,MAINE,BGR,ZBW
04MI,RAPIDS AIRWAY ARPT,EATON RAPIDS,MICHIGAN,LAN,ZOB
04MN,HELBLAD ARPT,KELLIHER,MINNESOTA,PNM,ZMP
04MS,NICK'S FLYING SERVICE INC ARPT,ROLLING FORK,MISSISSIPPI,GWO,ZME
04MT,PLUHAR ARPT,COHAGEN,MONTANA,GTF,ZLC
04NC,WAKEMED CARY HOSPITAL HELIPORT,CARY,NORTH CAROLINA,RDU,ZDC
04NE,MC CONNELL FLD ARPT,SARBEN,NEBRASKA,OLU,ZDV
04NJ,EMMANUEL ARPT,ELMER,NEW JERSEY,MIV,ZNY
04NR,MCGEE 04 HELIPORT,JACKSONVILLE,NORTH CAROLINA,RDU,ZDC
04NV,KINGSTON RANCH ARPT,SANDY VALLEY,NEVADA,RAL,ZLA
04NY,KLAVERACK ARPT,HUDSON,NEW YORK,BTV,ZBW
04OG,TEUFEL HELIPORT,FOREST GROVE,OREGON,MMV,ZSE
04OH,"CLEVELAND CLINIC, BRUNSWICK FAMILY HEALTH CENTER HELIPORT",BRUNSWICK,OHIO,CLE,ZOB
04OK,STILLWATER MEDICAL CENTER HELIPORT,STILLWATER,OKLAHOMA,MLC,ZKC
04OR,COLLINS LANDING STRIP ARPT,MITCHELL,OREGON,MMV,ZSE
04PA,S & C DISTRIBUTION CENTER HELIPORT,PHILADELPHIA,PENNSYLVANIA,IPT,ZNY
04PN,STRAWBRIDGE & CLOTHIER EXTON HELIPORT,EXTON,PENNSYLVANIA,IPT,ZNY
04SC,EMERGENCY HELIPAD HELIPORT,EASLEY,SOUTH CAROLINA,AND,ZTL
04SD,CHEYENNE RIVER HEALTH CENTER HELIPORT,EAGLE BUTTE,SOUTH DAKOTA,HON,ZMP
04TA,CAPITOL NTL BANK BUILDING HELIPORT,AUSTIN,TEXAS,SJT,ZHU
04TE,VETERANS AFFAIRS MEDICAL CENTER HELIPORT,HOUSTON,TEXAS,CXO,ZHU
04TN,HENSLEY AIRPARK ARPT,CHUCKEY,TENNESSEE,BNA,ZTL
04TS,HUMMINGBIRD HELIPORT,HUTTO,TEXAS,SJT,ZHU
04TT,4D RANCH ARPT,UTOPIA,TEXAS,SJT,ZHU
04TX,POCOCK ARPT,CHINA SPRING,TEXAS,FTW,ZFW
04UT,NAVAJO MOUNTAIN ARPT,NAVAJO MOUNTAIN TRDNG POST,UTAH,CDC,ZDV
04V,SAGUACHE MUNI ARPT,SAGUACHE,COLORADO,DEN,ZDV
04VA,RUSSELL COUNTY MEDICAL CENTER HELIPORT,LEBANON,VIRGINIA,DCA,ZTL
04VG,MANQUIN FLIGHT PARK ULTRALIGHT,MANQUIN,VIRGINIA,DCA,ZDC
04VT,LIGHTNING BOLT FLD ARPT,CABOT,VERMONT,BTV,ZBW
04W,FIELD OF DREAMS ARPT,HINCKLEY,MINNESOTA,PNM,ZMP
04WA,OX MEADOWS ARPT,SPOKANE,WASHINGTON,SEA,ZSE
04WI,DUTCH GAP AIRSTRIP ARPT,BRISTOL,WISCONSIN,GRB,ZAU
04WN,STILLWATER CREEK ARPT,ROYAL CITY,WASHINGTON,SEA,ZSE
04XA,PECAN FLD ARPT,JERMYN,TEXAS,FTW,ZFW
04Y,HAWLEY MUNI ARPT,HAWLEY,MINNESOTA,PNM,ZMP
04Z,GEOREF PT.,"HANALEI AIRSTRIP,KAUAI",HAWAII,null,null
05AA,CHATHAM SPB,CHATHAM,ALASKA,SIT,ZAN
05AK,WASILLA CREEK AIRPARK ARPT,PALMER,ALASKA,PAQ,ZAN
05AL,null,FORT RUCKER/WICKSBURG,ALABAMA,ANB,ZJX
05AR,OZARK SKIES AIRPARK ARPT,KINGSTON,ARKANSAS,JBR,ZME
05AZ,YUMA RGNL MEDICAL CENTER HELIPORT,YUMA,ARIZONA,PRC,ZLA
05B,VAN BUREN SPB,VAN BUREN,MAINE,BGR,ZBW
05C,GRIFFITH-MERRILLVILLE ARPT,GRIFFITH,INDIANA,HUF,ZAU
05CA,LOST HILLS SHERIFF'S STATION HELIPORT,CALABASAS,CALIFORNIA,HHR,ZLA
05CL,POPE VALLEY ARPT,POPE VALLEY,CALIFORNIA,OAK,ZOA
05CO,RANCHO DE AEREO ARPT,MEAD,COLORADO,DEN,ZDV
05CT,O AND G HELIPORT,TORRINGTON,CONNECTICUT,BDR,ZBW
05D,NEW TOWN MUNI ARPT,NEW TOWN,NORTH DAKOTA,GFK,ZMP
05FA,MELANIE'S ARPT,FLORALA,FLORIDA,GNV,ZJX
05FD,AVENTURA HELIPORT,NORTH MIAMI BEACH,FLORIDA,MIA,ZMA
05FL,CHARLTON STRIP ARPT,LA BELLE,FLORIDA,MIA,ZMA
05GA,RAJU ARPT,RICHLAND,GEORGIA,MCN,ZTL
05IA,SPOTTS FLD ARPT,NORA SPRINGS,IOWA,FOD,ZMP
05ID,RUNNING CREEK RANCH ARPT,GRANGEVILLE,IDAHO,BOI,ZLC
05IL,CLASSIC LANDINGS ARPT,BONFIELD,ILLINOIS,IKK,ZAU
05IN,COOPER ARPT,BELLEVILLE,INDIANA,HUF,ZID
05K,WILDER RUNWAY ARPT,PORT ALSWORTH,ALASKA,ENA,ZAN
05KS,DARBRO FLD ARPT,ELK CITY,KANSAS,ICT,ZKC
05KT,HIGH POINT FARM ARPT,FRANKFORT,KENTUCKY,LOU,ZID
05KY,CARTERSVILLE ARPT,BEREA,KENTUCKY,LOU,ZID
05LA,GREG'S FLYING SERVICE ARPT,BASKIN,LOUISIANA,DRI,ZFW
05LL,MIDWEST MEML HELIPORT,WILLOWBROOK,ILLINOIS,IKK,ZAU
05LS,GRASS ROOTS ARPT,ALEXANDRIA,LOUISIANA,DRI,ZHU
05M,MOUNTAIN POINT MEDICAL CTR HELIPAD HELIPORT,LEHI,UTAH,CDC,ZLC
05MA,BENTLEY HELIPORT,IPSWICH,MASSACHUSETTS,BDR,ZBW
05MD,BREEZECROFT ARPT,CHESTERTOWN,MARYLAND,DCA,ZDC
05ME,DRISKO ARPT,JONESBORO,MAINE,BGR,ZBW
05MI,OAKWOOD HERITAGE HOSPITAL HELIPORT,TAYLOR,MICHIGAN,LAN,ZOB
05MN,NORTHERN PINES MEDICAL CENTER HELIPORT,AURORA,MINNESOTA,PNM,ZMP
05MT,JONES LANDING ARPT,BELGRADE,MONTANA,GTF,ZLC
05N,SOUTH OAKS AERODROME ARPT,WINTERVILLE,NORTH CAROLINA,RDU,ZDC
05NC,DEAD COW FLD ARPT,BEAUFORT,NORTH CAROLINA,RDU,ZDC
05NE,MC KAY ARPT,SPALDING,NEBRASKA,OLU,ZMP
05NH,STUMPFIELD HELIPORT,KENSINGTON,NEW HAMPSHIRE,BGR,ZBW
05NJ,PAULUS HOOK PIER HELIPORT,JERSEY CITY,NEW JERSEY,MIV,ZNY
05NV,BAKER RANCHES ARPT,BAKER,NEVADA,RNO,ZLC
05NY,OSWEGO COUNTY AT PULASKI HELIPORT,PULASKI,NEW YORK,BTV,ZBW
05OG,DRILL FLD PAD HELIPORT,EUGENE,OREGON,MMV,ZSE
05OI,DORLON AIRPARK ARPT,COLUMBIA STATION,OHIO,CLE,ZOB
05OK,MUNCY ARPT,HYDRO,OKLAHOMA,MLC,ZFW
05OR,6 RANCH ARPT,ENTERPRISE,OREGON,MMV,ZSE
05PA,PECO MOB HELIPORT,PHILADELPHIA,PENNSYLVANIA,IPT,ZNY
05PN,STATE POLICE AREA III HELIPORT,HARRISBURG,PENNSYLVANIA,IPT,ZNY
05PS,MILLS BROTHERS ARPT,BURNT CABINS,PENNSYLVANIA,AOO,ZOB
05S,VERNONIA MUNI ARPT,VERNONIA,OREGON,MMV,ZSE
05TA,BRANDES AIR FLD ARPT,SEALY,TEXAS,CXO,ZHU
05TE,HILDE-GRIFF FLD ARPT,GEORGETOWN,TEXAS,SJT,ZHU
05TS,DEW DROP ARPT,JUSTIN,TEXAS,FTW,ZFW
05TX,CIRCLE 'A' RANCH ARPT,BLUM,TEXAS,FTW,ZFW
05U,EUREKA RCO,EUREKA,NEVADA,RNO,null
05U,EUREKA ARPT,EUREKA,NEVADA,RNO,ZLC
05V,BLANCA ARPT,BLANCA,COLORADO,DEN,ZDV
05VA,PROVIDENCE ARPT,FARMVILLE,VIRGINIA,DCA,ZDC
05VT,PORT OF HIGHGATE SPRINGS HELIPORT,HIGHGATE SPRINGS,VERMONT,BTV,ZBW
05WA,SACRED HEART MEDICAL CENTER HELISTOP HELIPORT,SPOKANE,WASHINGTON,SEA,ZSE
05WI,AMES PRIVATE ARPT,DARIEN,WISCONSIN,GRB,ZAU
05WN,FLAT CREEK FLD ARPT,KETTLE FALLS,WASHINGTON,SEA,ZSE
05XA,MOORE COUNTY HOSPITAL DISTRICT HELIPORT,DUMAS,TEXAS,FTW,ZAB
05XS,JOHNSON MEML ARPT,WILMOT,ARKANSAS,JBR,ZME
05Y,HENNING MUNI ARPT,HENNING,MINNESOTA,PNM,ZMP
05Z,GEOREF PT.,"KILAUEA POINT,KAUAI",HAWAII,null,null
06A,MOTON FLD MUNI ARPT,TUSKEGEE,ALABAMA,ANB,ZTL
06AA,TWISTED SISTERS ARPT,STERLING,ALASKA,ENA,ZAN
06AK,JUNE LAKE AIRPARK ARPT,WASILLA,ALASKA,ENA,ZAN
06AL,null,FORT RUCKER/NEW BROCKTON,ALABAMA,ANB,ZJX
06AR,CY BOND MEML ARPT,HIGDEN,ARKANSAS,JBR,ZME
06AZ,MERCY GILBERT MEDICAL CENTER HELIPORT,GILBERT,ARIZONA,PRC,ZAB
06B,LUCKY LANDING MARINA AND SPB SPB,BANGOR,MAINE,BGR,ZBW
06C,SCHAUMBURG RGNL ARPT,CHICAGO/SCHAUMBURG,ILLINOIS,IKK,ZAU
06CA,SCE SOLAR I HELIPORT,YERMO,CALIFORNIA,RAL,ZLA
06CL,ABC7-TV HELIPORT,GLENDALE,CALIFORNIA,HHR,ZLA
06CO,JECAN ARPT,BRANSON,COLORADO,DEN,ZDV
06D,ROLLA RCO,ROLLA,NORTH DAKOTA,GFK,null
06D,ROLLA MUNI/LEONARD KRECH FLD ARPT,ROLLA,NORTH DAKOTA,GFK,ZMP
06FA,WILLIAM P GWINN ARPT,JUPITER,FLORIDA,MIA,ZMA
06FD,GRASS ROOTS AIRPARK ARPT,MASCOTTE,FLORIDA,GNV,ZJX
06FL,MORTON PLANT HOSPITAL HELIPORT,CLEARWATER,FLORIDA,PIE,ZMA
06GA,SMITH HELIPORT,REDAN,GEORGIA,MCN,ZTL
06I,PATOKA RESERVOIR LANDING AREA SPB,FRENCH LICK,INDIANA,HUF,ZID
06IA,RICH FLD ARPT,WALFORD,IOWA,FOD,ZAU
06ID,LARKIN ARPT,KUNA,IDAHO,BOI,ZLC
06IL,HUMM ARPT,EARLVILLE,ILLINOIS,IKK,ZAU
06IS,SINELE STRIP ARPT,NAUVOO,ILLINOIS,STL,ZAU
06KS,RIVERSIDE HOSPITAL AIRLIFT HELIPORT,WICHITA,KANSAS,ICT,ZKC
06KY,AIR EVAC 133 HELIPORT,WILLIAMSTOWN,KENTUCKY,HUF,ZID
06LA,PANTHER HELICOPTERS INC HELIPORT,BELLE CHASSE,LOUISIANA,DRI,ZHU
06LS,TEMBEC HELIPORT,ST FRANCISVILLE,LOUISIANA,DRI,ZHU
06M,EUPORA ARPT,EUPORA,MISSISSIPPI,GWO,ZME
06MA,THE BARN HELIPORT,PEPPERELL,MASSACHUSETTS,BDR,ZBW
06MD,JOHNS HOPKINS BAYVIEW MEDICAL CENTER HELIPORT,BALTIMORE,MARYLAND,DCA,ZDC
06ME,BARKER HELIPORT,BETHEL,MAINE,BGR,ZBW
06MI,HENRY FORD ALLEGIANCE HEALTH HELIPORT,JACKSON,MICHIGAN,LAN,ZOB
06MN,CUTFOOT SIOUX SPB,DEER RIVER,MINNESOTA,PNM,ZMP
06MO,NOAH'S ARK ARPT,WALDRON,MISSOURI,COU,ZKC
06MT,TORGERSON ARPT,ETHRIDGE,MONTANA,GTF,ZLC
06N,RANDALL ARPT,MIDDLETOWN,NEW YORK,ISP,ZNY
06NC,TAILWINDS ARPT,ST. PAULS,NORTH CAROLINA,RDU,ZDC
06NH,COLE FARM ARPT,KENSINGTON,NEW HAMPSHIRE,BGR,ZBW
06NJ,J&J NEW BRUNSWICK HELISTOP HELIPORT,NEW BRUNSWICK,NEW JERSEY,MIV,ZNY
06NV,SILVER CREEK ARPT,BAKER,NEVADA,RNO,ZLC
06NY,MURPHY FLD ARPT,AUBURN,NEW YORK,BUF,ZBW
06O1,ST ELIZABETH MEDICAL CENTER HELIPORT,YOUNGSTOWN,OHIO,CLE,ZOB
06OH,HAL JOY AIRFIELD ARPT,WILLIAMSFIELD,OHIO,CLE,ZOB
06OI,GREEN ACRES ARPT,NEW LEBANON,OHIO,DAY,ZID
06OK,ALBERT LODGE HELIPORT,GROVE,OKLAHOMA,MLC,ZKC
06PA,FREEFALL OZ ARPT,CERES,PENNSYLVANIA,AOO,ZOB
06PN,SCHIAVONI HELIPORT,HARRISBURG,PENNSYLVANIA,IPT,ZNY
06R,GRAWUNDER FLD ARPT,BELLVILLE,TEXAS,CXO,ZHU
06TA,GLASER FLD ARPT,BUCKHOLTS,TEXAS,SJT,ZFW
06TE,CAVOK AIRPARK ARPT,CLEVELAND,TEXAS,CXO,ZHU
06TN,HUNTER ARPT,COLUMBIA,TENNESSEE,MKL,ZME
06TS,M SANSOM RANCH ARPT,PAINT ROCK,TEXAS,FTW,ZFW
06TT,6 MILE AIRPARK ARPT,FORT MCKAVETT,TEXAS,SJT,ZFW
06TX,DIAMOND N RANCH ARPT,HOCKLEY,TEXAS,CXO,ZHU
06U,JACKPOT/HAYDEN FLD ARPT,JACKPOT,NEVADA,RNO,ZLC
06U,JACKPOT RCO,JACKPOT,NEVADA,RNO,null
06VA,MOUNT HOREB FLD ARPT,GROTTOES,VIRGINIA,DCA,ZDC
06WA,N A DEGERSTROM YARD HELIPORT,SPOKANE,WASHINGTON,SEA,ZSE
06WI,LAZY RIVER ARPT,WAUSAUKEE,WISCONSIN,GRB,ZMP
06WN,WESTERN AIRPARK ARPT,YELM,WASHINGTON,SEA,ZSE
06XA,J & W WINDY HILL ARPT,VAN ALSTYNE,TEXAS,FTW,ZFW
06XS,CAMPBELL FLD ARPT,AUBREY,TEXAS,FTW,ZFW
06Y,HERMAN MUNI ARPT,HERMAN,MINNESOTA,PNM,ZMP
06Z,GEOREF PT.,"KAHALA POINT, KAUAI",HAWAII,null,null
07A,FRANKLIN FLD ARPT,UNION SPRINGS,ALABAMA,ANB,ZTL
07AA,PAN LAKE STRIP ARPT,WILLOW,ALASKA,ENA,ZAN
07AK,JUNE LAKE ARPT,WASILLA,ALASKA,null,null
07AL,null,FORT RUCKER/SAMSON,ALABAMA,ANB,ZJX
07AR,MORRILTON ARPT,MORRILTON,ARKANSAS,JBR,ZME
07CL,RICHVALE ARPT,RICHVALE,CALIFORNIA,RIU,ZOA
07CO,COMANCHE CREEK ARPT,KIOWA,COLORADO,DEN,ZDV
07CT,SILO HELIPORT,HARWINTON,CONNECTICUT,BDR,ZBW
07F,GLADEWATER MUNI ARPT,GLADEWATER,TEXAS,FTW,ZFW
07FA,OCEAN REEF CLUB ARPT,KEY LARGO,FLORIDA,MIA,ZMA
07FD,UNIVERSITY OF MIAMI HOSPITAL HELIPORT,MIAMI,FLORIDA,MIA,ZMA
07FL,CITRUS COUNTY MOSQUITO CONTROL HOME BASE HELIPORT,LECANTO,FLORIDA,PIE,ZJX
07GA,ALCOVY ARPT,COVINGTON,GEORGIA,MCN,ZTL
07I,LAKE MONROE SPB,BLOOMINGTON,INDIANA,HUF,ZID
07ID,SHEPARD STRIP ARPT,OLDTOWN,IDAHO,BOI,ZSE
07II,ST VINCENT JENNINGS HOSPITAL HELIPORT,NORTH VERNON,INDIANA,HUF,ZID
07IL,WELCH HELIPORT,DANVILLE,ILLINOIS,null,null
07IN,GRAY ARPT,BOGGSTOWN,INDIANA,HUF,ZID
07K,CENTRAL CITY MUNI - LARRY REINEKE FLD ARPT,CENTRAL CITY,NEBRASKA,OLU,ZMP
07KS,HEAPE FLD ARPT,AUGUSTA,KANSAS,ICT,ZKC
07KY,BLUE LICK ARPT,LOUISVILLE,KENTUCKY,LOU,ZID
07LA,RICHMOND PLANTATION ARPT,FOREST HILL,LOUISIANA,DRI,ZHU
07LS,LA STATE POLICE TROOP F HELIPORT,MONROE,LOUISIANA,DRI,ZFW
07MA,WEST POND HELIPORT,PLYMOUTH,MASSACHUSETTS,BDR,ZBW
07MD,BAUGHER'S ORCHARD ARPT,WESTMINSTER,MARYLAND,DCA,ZDC
07ME,WESTBROOK HELIPORT,WESTBROOK,MAINE,BGR,ZBW
07MI,SCOTT AIRSTRIP ARPT,LAKE,MICHIGAN,LAN,ZMP
07MN,SLEEPY EYE MEDICAL CENTER HELIPORT,SLEEPY EYE,MINNESOTA,PNM,ZMP
07MO,LAKE SEXTON ARPT,WARRENSBURG,MISSOURI,COU,ZKC
07MT,GLASGOW INDUSTRIAL ARPT,GLASGOW,MONTANA,GTF,ZLC
07N,BERMUDIAN VALLEY AIRPARK ARPT,KRALLTOWN,PENNSYLVANIA,IPT,ZNY
07NC,HAWKS MEADOW ARPT,WAXHAW,NORTH CAROLINA,RDU,ZTL
07NH,DIVING ROCK SPB,WASHINGTON,NEW HAMPSHIRE,BGR,ZBW
07NJ,HACKENSACK UMC PALISADES HELIPORT,NORTH BERGEN,NEW JERSEY,MIV,ZNY
07NV,BORDER LINE FARM ARPT,BAKER,NEVADA,RNO,ZLC
07NY,MMC HELIPORT,MONTICELLO,NEW YORK,BUF,ZBW
07OK,PLEASANT VALLEY ARPT,SNYDER,OKLAHOMA,MLC,ZFW
07PA,DREAM AIR ARPT,ALBION,PENNSYLVANIA,AOO,ZOB
07PN,FOLMAR ARPT,GRASSFLAT,PENNSYLVANIA,AOO,ZNY
07PR,ADVANCED PUBLIC HEALTH OF ISABELA HELIPORT,ISABELA,PUERTO RICO,SJU,ZSU
07R,BISHOP-WINDHAM ARPT,BISHOP,TEXAS,SJT,ZHU
07S,BEAUMONT HOTEL ARPT,BEAUMONT,KANSAS,ICT,ZKC
07TA,SALAIKA AVIATION ARPT,DANBURY,TEXAS,CXO,ZHU
07TE,CUDDIHY FLD ARPT,CORPUS CHRISTI,TEXAS,SJT,ZHU
07TN,CORNTASSEL ARPT,VONORE,TENNESSEE,BNA,ZTL
07TS,CROSS COUNTRY ESTATES MARSHALL FLD ARPT,GEORGETOWN,TEXAS,SJT,ZHU
07TX,PECKS HELIPORT,PRINCETON,TEXAS,FTW,ZFW
07UT,E NORTHROP GRUMMAN ARPT,HOWELL,UTAH,CDC,ZLC
07V,CUCHARA VALLEY AT LA VETA ARPT,LA VETA,COLORADO,DEN,ZDV
07VA,ALPHA HOTEL ARPT,CLOVER,VIRGINIA,DCA,ZDC
07VT,MEADOW ARPT,JERICHO,VERMONT,BTV,ZBW
07WA,MULTICARE DEACONESS HOSPITAL HELIPORT,SPOKANE,WASHINGTON,SEA,ZSE
07WY,STALLIONS ARPT,SHERIDAN,WYOMING,CPR,ZLC
07XA,FRED LUECKE HELIPORT,SMITHVILLE,TEXAS,SJT,ZHU
07XS,ALLEN PONDEROSA HELIPORT,CROWLEY,TEXAS,FTW,ZFW
07Y,HILL CITY/QUADNA MOUNTAIN ARPT,HILL CITY,MINNESOTA,PNM,ZMP
07Z,GEOREF PT.,KAPOA,HAWAII,null,null
08A,WETUMPKA MUNI ARPT,WETUMPKA,ALABAMA,ANB,ZTL
08AK,FISHER ARPT,BIG LAKE,ALASKA,ENA,ZAN
08AL,LITTLE LAGOON SPB,GULF SHORES,ALABAMA,ANB,ZJX
08AL,LITTLE LAGOON BASE OPS,GULF SHORES,ALABAMA,08AL,null
08AR,GARRISON ARPT,ASHDOWN,ARKANSAS,JBR,ZFW
08AZ,MESA POLICE HELIPORT,MESA,ARIZONA,PRC,ZAB
08B,MERRYMEETING FLD ARPT,BOWDOINHAM,MAINE,BGR,ZBW
08C,RIVERVIEW ARPT,JENISON,MICHIGAN,LAN,ZAU
08CA,PG & E PLACERVILLE SVC CNTR HELIPORT,DIAMOND SPRINGS,CALIFORNIA,OAK,ZOA
08CL,KISTLER RANCH ARPT,JAMESTOWN,CALIFORNIA,RIU,ZOA
08CO,TERRA FIRMA ARPT,RUSH,COLORADO,DEN,ZDV
08CT,SEAVAIR'S LANDING SPB,WINSTED,CONNECTICUT,BDR,ZBW
08D,STANLEY MUNI ARPT,STANLEY,NORTH DAKOTA,GFK,ZMP
08F,CITY OF COALGATE ARPT,COALGATE,OKLAHOMA,MLC,ZFW
08FA,DUDA AIRSTRIP ARPT,LA BELLE,FLORIDA,MIA,ZMA
08FD,SUNNILAND RANCH ARPT,OKEECHOBEE,FLORIDA,PIE,ZMA
08FL,J H HENDRIE FARMS ARPT,LAKE PLACID,FLORIDA,PIE,ZMA
08GA,SAPELO ISLAND ARPT,DARIEN,GEORGIA,MCN,ZJX
08ID,SYMMS ARPT,MARSING,IDAHO,BOI,ZLC
08II,PARKVIEW LAGRANGE HOSPITAL HELIPORT,LAGRANGE,INDIANA,HUF,ZAU
08K,HARVARD STATE ARPT,HARVARD,NEBRASKA,OLU,ZMP
08KS,ALDERSON ARPT,BENNINGTON,KANSAS,ICT,ZKC
08KT,METHODIST HEALTH HELIPORT,MORGANFIELD,KENTUCKY,LOU,ZID
08KY,BOSS ARPT,BURNSIDE,KENTUCKY,LOU,ZID
08LA,AIR OIL INC  NR 2 HELIPORT,HARAHAN,LOUISIANA,DRI,ZHU
08LL,SAUER ARPT,DWIGHT,ILLINOIS,IKK,ZAU
08LS,AELERON ARPT,GRAND COTEAU,LOUISIANA,DRI,ZHU
08M,CARTHAGE-LEAKE COUNTY ARPT,CARTHAGE,MISSISSIPPI,GWO,ZME
08MD,ST JOSEPH HOSPITAL HELIPORT,TOWSON,MARYLAND,DCA,ZDC
08ME,LINDBERGH ARPT,AVON,MAINE,BGR,ZBW
08MI,SPARROW HOSPITAL HELIPORT,LANSING,MICHIGAN,LAN,ZOB
08MN,CHRISTENSON POINT SPB,CHISHOLM/HIBBING,MINNESOTA,PNM,ZMP
08MO,TWIN OAKS ARPT,JASPER,MISSOURI,COU,ZKC
08MS,MIDSOUTH AIRPARK ARPT,COLDWATER,MISSISSIPPI,GWO,ZME
08MT,MATOVICH ARPT,GRASS RANGE,MONTANA,GTF,ZLC
08N,KELLER BROTHERS ARPT,LEBANON,PENNSYLVANIA,IPT,ZNY
08NC,WHITEHEART FARM ARPT,LEWISVILLE,NORTH CAROLINA,RDU,ZTL
08ND,BRECHT STRIP ARPT,GOLDEN VALLEY,NORTH DAKOTA,GFK,ZMP
08NH,MEML HOSPITAL HELIPORT,NORTH CONWAY,NEW HAMPSHIRE,BGR,ZBW
08NJ,ST BARNABAS MEDICAL CENTER HELIPORT,LIVINGSTON,NEW JERSEY,MIV,ZNY
08NR,BELL MOUNTAIN ARPT,ZIRCONIA,NORTH CAROLINA,RDU,ZTL
08NY,MD1 ARPT,MIDDLETOWN,NEW YORK,ISP,ZNY
08OH,KENLEY ARPT,HARTFORD,OHIO,CLE,ZOB
08OK,PARKS ARPT,WILBURTON,OKLAHOMA,MLC,ZFW
08OL,BROKEN B ARPT,HYDRO,OKLAHOMA,MLC,ZFW
08OR,SAXON SYCAN ARPT,SILVER LAKE,OREGON,MMV,ZSE
08PA,POCONO RACEWAY CORPORATE HELIPORT,LONG POND,PENNSYLVANIA,IPT,ZNY
08R,RICHMOND ARPT,WEST KINGSTON,RHODE ISLAND,BDR,ZBW
08S,BAILEYS LANDING CVLN WOS,SOMMERS,MONTANA,null,null
08SC,ANMED DOWNTOWN HELIPORT,ANDERSON,SOUTH CAROLINA,AND,ZTL
08SD,DOUGLAS COUNTY MEML HOSPITAL HELIPORT,ARMOUR,SOUTH DAKOTA,HON,ZMP
08TA,RANCHO DEL LAGO HELIPORT,FISCHER,TEXAS,SJT,ZHU
08TE,EGM HELIPORT,MOUNTAIN HOME,TEXAS,SJT,ZHU
08TN,PTC ARPT,FAYETTEVILLE,TENNESSEE,BNA,ZME
08TS,FLYING G RANCH ARPT,BYNUM,TEXAS,FTW,ZFW
08TT,LZ TANGO CHARLIE ARPT,FREDERICKSBURG,TEXAS,SJT,ZHU
08TX,CROSS WIND ARPT,WEATHERFORD,TEXAS,FTW,ZFW
08U,STEVENS-CROSBY ARPT,NORTH FORK,NEVADA,RNO,ZLC
08VA,SPRINGWOOD AIRSTRIP GLIDERPORT,BUCHANAN,VIRGINIA,DCA,ZDC
08WA,P-L RANCH ARPT,LACEY,WASHINGTON,SEA,ZSE
08XA,KNOLLE RANCH ARPT,SNOOK,TEXAS,CXO,ZHU
08XS,PETERSON ARPT,OLD OCEAN,TEXAS,CXO,ZHU
08Z,GEOREF PT.,"NAWILIWILI,KAUAI",HAWAII,null,null
09A,BUTLER/CHOCTAW COUNTY ARPT,BUTLER,ALABAMA,ANB,ZME
09AA,SHELDON CHALET HELIPORT,TALKEETNA,ALASKA,ENA,ZAN
09AK,WEST BEAVER ARPT,BIG LAKE,ALASKA,ENA,ZAN
09AL,GREENE COUNTY HOSPITAL & NURSING HOME HELIPORT,EUTAW,ALABAMA,ANB,ZTL
09AR,MAGNOLIA RGNL MEDICAL CENTER HELIPORT,MAGNOLIA,ARKANSAS,JBR,ZFW
09AZ,STRONGHOLD ARPT,ST DAVID,ARIZONA,PRC,ZAB
09CA,MEE MEML HOSPITAL HELIPORT,KING CITY,CALIFORNIA,OAK,ZOA
09CL,ALTA SIERRA ARPT,GRASS VALLEY,CALIFORNIA,RIU,ZOA
09CO,COTTONWOOD FLD ARPT,SWINK,COLORADO,DEN,ZDV
09FA,PLACID LAKES ARPT,LAKE PLACID,FLORIDA,PIE,ZMA
09FD,CHERYL-LANE LANDINGS ARPT,BUSHNELL,FLORIDA,PIE,ZJX
09FL,SUNNYBREEZE ARPT,ARCADIA,FLORIDA,PIE,ZMA
09GA,SUNBELT STRIP ARPT,MOULTRIE,GEORGIA,MCN,ZJX
09GE,ELLIOTT FLD ARPT,DAWSONVILLE,GEORGIA,MCN,ZTL
09I,INTL FALLS SPB,INTERNATIONAL FALLS,MINNESOTA,PNM,ZMP
09IA,SKYDIVE IOWA ARPT,BROOKLYN,IOWA,FOD,ZAU
09ID,TAYLOR RANCH LANDING AREA ARPT,MOSCOW,IDAHO,BOI,ZLC
09IL,ST ELIZABETH'S HOSPITAL HELIPORT,O'FALLON,ILLINOIS,STL,ZKC
09IN,GORDON ARPT,COLUMBIA CITY,INDIANA,HUF,ZAU
09IS,SWEDISH AMERICAN HELIPORT,ROCKFORD,ILLINOIS,IKK,ZAU
09J,JEKYLL ISLAND ARPT,JEKYLL ISLAND,GEORGIA,MCN,ZJX
09K,SARGENT MUNI ARPT,SARGENT,NEBRASKA,OLU,ZDV
09KS,COFFMAN ARPT,WELLSVILLE,KANSAS,ICT,ZKC
09KY,BAPTIST HOSPITAL EAST HELIPORT,LOUISVILLE,KENTUCKY,LOU,ZID
09LA,ERA HELICOPTERS FOURCHON HELIBASE HELIPORT,GRAND ISLE,LOUISIANA,DRI,ZHU
09LL,PINE HILL ARPT,CAPRON,ILLINOIS,IKK,ZAU
09LS,WEST FELICIANA SHERIFF'S OFFICE HELIPORT,ST FRANCISVILLE,LOUISIANA,DRI,ZHU
09M,CHARLESTON MUNI ARPT,CHARLESTON,MISSISSIPPI,GWO,ZME
09ME,PERROTTI SKYRANCH AIRFIELD ARPT,BERWICK,MAINE,BGR,ZBW
09MI,MICHIGAN NTL GUARD HEADQUARTERS HELIPORT,LANSING,MICHIGAN,LAN,ZOB
09MN,SALISBURY SPB,WHITE BEAR TOWNSHIP,MINNESOTA,PNM,ZMP
09MO,HOGUE FARM ARPT,WILLARD,MISSOURI,COU,ZKC
09N,AIRHAVEN ARPT,STAATSBURG,NEW YORK,ISP,ZNY
09NC,WILLIAM IRVING LEWIS ARPT,BROADWAY,NORTH CAROLINA,RDU,ZDC
09NE,SUMMER HILL FARM ARPT,BENNINGTON,NEBRASKA,OLU,ZMP
09NJ,STONEBRIDGE FARM HELISTOP HELIPORT,SOMERVILLE,NEW JERSEY,MIV,ZNY
09NR,DAKOTA AIR RANCH ARPT,RAMSEUR,NORTH CAROLINA,RDU,ZTL
09NY,SPRING LAKE FIRE DEPARTMENT HELIPORT,KINGSTON,NEW YORK,ISP,ZNY
09OK,RAGTIME AERODROME ARPT,COLLINSVILLE,OKLAHOMA,MLC,ZKC
09OR,MID-COLUMBIA MEDICAL CENTER HELIPORT,THE DALLES,OREGON,MMV,ZSE
09PA,EAGLE FLD ARPT,PORT MATILDA,PENNSYLVANIA,AOO,ZNY
09R,TYLER COUNTY ARPT,WOODVILLE,TEXAS,CXO,ZHU
09S,SULLIVAN LAKE STATE ARPT,METALINE FALLS,WASHINGTON,SEA,ZSE
09T,LAZY G BAR RANCH ARPT,DECATUR,TEXAS,FTW,ZFW
09TA,XWIND FARM ARPT,RAVENNA,TEXAS,FTW,ZFW
09TE,RUNNING M RANCH ARPT,GLEN ROSE,TEXAS,FTW,ZFW
09TN,UNIV OF TENNESSEE MEDICAL CENTER HELIPORT,KNOXVILLE,TENNESSEE,BNA,ZTL
09TS,PITCOCK ROSILLOS MOUNTAIN RANCH ARPT,MARATHON,TEXAS,SJT,ZAB
09TX,SMOKEY MTN RANCH ARPT,SHEFFIELD,TEXAS,SJT,ZHU
09VA,ALUM RIDGE ARPT,FLOYD,VIRGINIA,DCA,ZDC
09VG,AUGUSTA MEDICAL CENTER HELIPORT,FISHERSVILLE,VIRGINIA,DCA,ZDC
09W,SOUTH CAPITOL STREET HELIPORT,WASHINGTON,DIST. OF COLUMBIA,DCA,ZDC
09WA,HOLY FAMILY HOSPITAL HELIPORT,SPOKANE,WASHINGTON,SEA,ZSE
09WI,PARKWAY FARM STRIP ARPT,HOLMEN,WISCONSIN,GRB,ZMP
09XA,BRAUNIG EHLF HELIPORT,ELMENDORF,TEXAS,SJT,ZHU
09XS,BAPTIST MEDICAL CENTER HELIPORT,SAN ANTONIO,TEXAS,SJT,ZHU
09Y,WIPLINE SPB,INVER GROVE HGTS,MINNESOTA,PNM,ZMP
09Z,GEOREF PT.,"MAKAHUENA POINT,KAUAI",HAWAII,null,null
0A0,"AWOS-3PT ASSOCIATED WITH SPACEPORT AMERICA ARPT, 9NM9.",TRUTH OR CONSEQUENCES,NEW MEXICO,null,null
0A3,SMITHVILLE MUNI ARPT,SMITHVILLE,TENNESSEE,BNA,ZME
0A4,JOHNSON CITY ARPT,JOHNSON CITY,TENNESSEE,BNA,ZTL
0A6,ARPT,BAXTER SPRINGS,KANSAS,null,null
0A7,HENDERSONVILLE ARPT,HENDERSONVILLE,NORTH CAROLINA,RDU,ZTL
0A8,BIBB COUNTY ARPT,CENTREVILLE,ALABAMA,ANB,ZTL
0A9,ELIZABETHTON MUNI ARPT,ELIZABETHTON,TENNESSEE,BNA,ZTL
0AA1,YAKATAGA ARPT,YAKATAGA,ALASKA,JNU,ZAN
0AA2,ARPT,KENAI,US,null,null
0AA4,FAREWELL ARPT,FAREWELL,ALASKA,ENA,ZAN
0AA5,RANGEVIEW AIRSTRIP ARPT,TRAPPER CREEK,ALASKA,ENA,ZAN
0AA6,BIG SALMON HELIPORT,HAINES,ALASKA,JNU,ZAN
0AA7,KALIFONSKY MEADOWS ARPT,KENAI,ALASKA,ENA,ZAN
0AK,PILOT STATION ARPT,PILOT STATION,ALASKA,ENA,ZAN
0AK0,SCOTTS ARPT,NORTH POLE,ALASKA,FAI,ZAN
0AK1,ANDERSON LAKE ARPT,WASILLA,ALASKA,ENA,ZAN
0AK2,YENTNA BEND STRIP ARPT,WILLOW,ALASKA,ENA,ZAN
0AK3,PARKER LAKE ARPT,MONTANA CREEK,ALASKA,ENA,ZAN
0AK4,ARPT,NUIQSUT,ALASKA,null,null
0AK5,ARTCC,MAY CREEK,ALASKA,null,null
0AK5,YOUNG CREEK ARPT,MAY CREEK,ALASKA,ENA,ZAN
0AK6,VICTORY ARPT,VICTORY BIBLE CAMP,ALASKA,ENA,ZAN
0AK7,BRADLEY LAKE HYDROELECTRIC PROJECT AIRSTRIP ARPT,HOMER,ALASKA,ENA,ZAN
0AK8,FIREWEED ARPT,MCCARTHY,ALASKA,ENA,ZAN
0AK9,FALCON LAKE STRIP ARPT,POINT MACKENZIE,ALASKA,ENA,ZAN
0AL,ELKWOOD AIRPARK BASE OPS,HAZEL GREEN,ALABAMA,0AL,null
0AL1,RESORT ARPT,FOLEY,ALABAMA,ANB,ZJX
0AL2,CLAY COUNTY HOSPITAL HELIPORT,ASHLAND,ALABAMA,ANB,ZTL
0AL3,HOSPITAL PAD HELIPORT,EVERGREEN,ALABAMA,ANB,ZJX
0AL4,DEKALB RGNL MEDICAL CENTER HELIPORT,FORT PAYNE,ALABAMA,ANB,ZTL
0AL5,FLOMATON ARPT,FLOMATON,ALABAMA,ANB,ZJX
0AL6,D W MCMILLIAN MEML HOSPITAL HELIPORT,BREWTON,ALABAMA,ANB,ZJX
0AL7,GADSDEN REGL MEDICAL CENTER HELIPORT,GADSDEN,ALABAMA,ANB,ZTL
0AL8,BROOKWOOD MEDICAL CENTER HELIPORT,BIRMINGHAM,ALABAMA,ANB,ZTL
0AL9,WILSON CREEK ARPT,FLORENCE,ALABAMA,ANB,ZME
0AN2,ARPT,GARY,MAINE,null,null
0AR0,SMH HELIPORT,SPRINGDALE,ARKANSAS,JBR,ZME
0AR2,MISSION FLD-MAROTTI MEML ARPT,CRAWFORDSVILLE,ARKANSAS,JBR,ZME
0AR3,BENT HICKORY AIR RANCH ARPT,POINT CEDAR,ARKANSAS,JBR,ZME
0AR4,OZARKS COMMUNITY HOSPITAL HELIPORT,GRAVETTE,ARKANSAS,JBR,ZME
0AR5,RGNL MEDICAL CENTER HELIPORT,JONESBORO,ARKANSAS,JBR,ZME
0AR6,AMI NTL PARK MEDICAL CENTER HELIPORT,HOT SPRINGS,ARKANSAS,JBR,ZME
0AR8,HOWARD MEML HOSPITAL HELIPORT,NASHVILLE,ARKANSAS,JBR,ZFW
0AR9,EUREKA SPRINGS HOSPITAL HELIPORT,EUREKA SPRINGS,ARKANSAS,JBR,ZME
0AZ0,ARIZONA HEART HOSPITAL HELIPORT,PHOENIX,ARIZONA,PRC,ZAB
0AZ2,WESTERN SKY AIRPARK ARPT,SALOME,ARIZONA,PRC,ZAB
0AZ4,FLYING BUCKET RANCH ARPT,MOBILE,ARIZONA,PRC,ZAB
0AZ5,CASTLE WELL ARPT,MORRISTOWN,ARIZONA,PRC,ZAB
0AZ6,ST JOSEPH'S HOSPITAL HELIPORT,PHOENIX,ARIZONA,PRC,ZAB
0AZ7,SUNSTATE HELIPORT,PHOENIX,ARIZONA,PRC,ZAB
0B1,BETHEL RGNL ARPT,BETHEL,MAINE,BGR,ZBW
0B2,BREWER ARPT,BREWER,MAINE,BGR,ZBW
0B4,HARTINGTON MUNI/ BUD BECKER FLD ARPT,HARTINGTON,NEBRASKA,OLU,ZMP
0B5,TURNERS FALLS ARPT,MONTAGUE,MASSACHUSETTS,BTV,ZBW
0B7,WARREN-SUGARBUSH ARPT,WARREN,VERMONT,BTV,ZBW
0B8,ELIZABETH FLD ARPT,FISHERS ISLAND,NEW YORK,BDR,ZBW
0B9,GOAT ISLAND CGS/WOS,CAPE PORPOISE,MAINE,null,null
0C0,DACY ARPT,HARVARD,ILLINOIS,IKK,ZAU
0C1,TRIPLE R ARPT,DEARBORN,MISSOURI,COU,ZKC
0C2,HINCKLEY ARPT,HINCKLEY,ILLINOIS,IKK,ZAU
0C4,PENDER MUNI ARPT,PENDER,NEBRASKA,OLU,ZMP
0C5,CANADIAN LAKES ARPT,MECOSTA,MICHIGAN,LAN,ZAU
0C8,CUSHING FLD LTD ARPT,NEWARK,ILLINOIS,IKK,ZAU
0CA0,POM WONDERFUL AIRSTRIP ARPT,DEL REY,CALIFORNIA,RIU,ZOA
0CA1,SUTTER MEDICAL CENTER CASTRO VALLEY HELIPORT,CASTRO VALLEY,CALIFORNIA,OAK,ZOA
0CA2,VA GREATER LOS ANGELES HEALTH CARE CENTER HELIPORT,WEST LOS ANGELES,CALIFORNIA,HHR,ZLA
0CA3,CRAWFORD ARPT,SANTA YNEZ,CALIFORNIA,HHR,ZLA
0CA4,SHEPHERD FARM ARPT,SANTA YNEZ,CALIFORNIA,HHR,ZLA
0CA5,HOFFMAN ARPT,SANTA YSABEL,CALIFORNIA,SAN,ZLA
0CA6,EMORY RANCH ARPT,OCOTILLO,CALIFORNIA,SAN,ZLA
0CA9,BLECH RANCH ARPT,SHANDON,CALIFORNIA,HHR,ZOA
0CD0,DELTA COUNTY MEML HOSPITAL HELIPORT,DELTA,COLORADO,DEN,ZDV
0CD1,COLORADO PLAINS MEDICAL CENTER HELIPORT,FORT MORGAN,COLORADO,DEN,ZDV
0CD2,FOXX VALLEY ARPT,YODER,COLORADO,DEN,ZDV
0CD4,KAUFFMAN HELIPORT,DENVER,COLORADO,DEN,ZDV
0CD5,PINON CANYON ARPT,TRINIDAD,COLORADO,DEN,ZDV
0CD6,EXEMPLA GOOD SAMARITAN HELIPORT,LAFAYETTE,COLORADO,DEN,ZDV
0CD7,FOX HOLE ARPT,LAFAYETTE,COLORADO,DEN,ZDV
0CD8,PROWERS MEDICAL CENTER HELIPORT,LAMAR,COLORADO,DEN,ZDV
0CD9,SWEDISH S W MEDICAL HELIPORT,LITTLETON,COLORADO,DEN,ZDV
0CL0,YOSEMITE HIDDEN LAKE RANCH ARPT,RAYMOND,CALIFORNIA,RIU,ZOA
0CL1,KREY FLD ARPT,ADELANTO,CALIFORNIA,RAL,ZLA
0CL3,JOHN NICHOL'S FLD ARPT,CHULA VISTA,CALIFORNIA,SAN,ZLA
0CL4,700 NORTH BRAND HELIPORT,GLENDALE,CALIFORNIA,HHR,ZLA
0CL5,THE ATRIUM HELIPORT,IRVINE,CALIFORNIA,RAL,ZLA
0CL7,GOOD SAMARITAN HOSPITAL HELIPORT,LOS ANGELES,CALIFORNIA,HHR,ZLA
0CL8,TERA ULTRALIGHT,RIDGECREST,CALIFORNIA,RAL,ZLA
0CL9,SCE SAN JACINTO VALLEY SERVICE CENTER HELIPORT,ROMOLAND,CALIFORNIA,RAL,ZLA
0CN1,FIORINI RANCH ARPT,DELHI,CALIFORNIA,RIU,ZOA
0CN2,SUTTER BUTTE DUSTERS ARPT,LIVE OAK,CALIFORNIA,RIU,ZOA
0CO0,LONGMONT UNITED HOSPITAL HELIPORT,LONGMONT,COLORADO,DEN,ZDV
0CO1,DAVE'S ARPT,LOUISVILLE,COLORADO,DEN,ZDV
0CO2,CRESTED BUTTE AIRPARK ARPT,CRESTED BUTTE,COLORADO,DEN,ZDV
0CO5,LEBEAU RANCH ARPT,KIOWA,COLORADO,DEN,ZDV
0CO6,FLYING M & M RANCH ARPT,NORWOOD,COLORADO,DEN,ZDV
0CO7,CENTURY HELICOPTERS HELIPORT,FORT COLLINS,COLORADO,DEN,ZDV
0CO9,VAN TREESE ARPT,MONTE VISTA,COLORADO,DEN,ZDV
0CT0,SHARON HOSPITAL HELIPORT,SHARON,CONNECTICUT,BDR,ZNY
0CT1,BRISTOL-MYERS SQUIBB COMPANY HELIPORT,WALLINGFORD,CONNECTICUT,BDR,ZBW
0CT2,WINDHAM HOSPITAL HELIPORT,WILLIMANTIC,CONNECTICUT,BDR,ZBW
0CT3,N B G H HELIPORT,NEW BRITAIN,CONNECTICUT,BDR,ZBW
0CT5,ST FRANCIS HOSPITAL HELIPORT,HARTFORD,CONNECTICUT,BDR,ZBW
0CT6,MIDDLETOWN HELIPORT,MIDDLETOWN,CONNECTICUT,BDR,ZBW
0CT7,BRIDGEPORT HOSPITAL HELIPORT,BRIDGEPORT,CONNECTICUT,BDR,ZNY
0CT8,DANBURY HOSPITAL HELIPORT,DANBURY,CONNECTICUT,BDR,ZNY
0CT9,HARTFORD HOSPITAL HELIPORT,HARTFORD,CONNECTICUT,BDR,ZBW
0D7,ADA ARPT,ADA,OHIO,DAY,ZID
0D8,GETTYSBURG MUNI ARPT,GETTYSBURG,SOUTH DAKOTA,HON,ZMP
0.00E+00,MORIARTY MUNI ARPT,MORIARTY,NEW MEXICO,ABQ,ZAB
0.00E+00,AWRS,PAYSON,ARIZONA,null,null
0.00E+00,CROWNPOINT ARPT,CROWNPOINT,NEW MEXICO,ABQ,ZAB
0.00E+00,CORYDON ARPT,CORYDON,IOWA,FOD,ZAU
0F2,BOWIE MUNI ARPT,BOWIE,TEXAS,FTW,ZFW
0F3,SPIRIT LAKE MUNI ARPT,SPIRIT LAKE,IOWA,FOD,ZMP
0F4,LOUP CITY MUNI ARPT,LOUP CITY,NEBRASKA,OLU,ZMP
0F7,FOUNTAINHEAD LODGE AIRPARK ARPT,EUFAULA,OKLAHOMA,MLC,ZFW
0F9,TISHOMINGO AIRPARK ARPT,TISHOMINGO,OKLAHOMA,MLC,ZFW
0FA0,DORAL RESORT & COUNTRY CLUB HELIPORT,MIAMI,FLORIDA,MIA,ZMA
0FA1,OTT'S LANDING ARPT,ARCADIA,FLORIDA,PIE,ZMA
0FA2,DOCTORS MEML HOSPITAL #2 HELIPORT,PERRY,FLORIDA,GNV,ZJX
0FA3,BRIGHTON HELIPAD HELIPORT,BRIGHTON,FLORIDA,MIA,ZMA
0FA4,IMMOKALEE HELIPAD HELIPORT,IMMOKALEE,FLORIDA,null,null
0FA5,BRILEY FARM SPB,OAKLAND,FLORIDA,PIE,ZJX
0FA6,IMMOKALEE HELIPAD HELIPORT,IMMOKALEE,FLORIDA,MIA,ZMA
0FA9,PARADISE LANDING SPB,ALTAMONTE SPRINGS,FLORIDA,PIE,ZJX
0FD0,THE 2A RANCH ARPT,ORMOND BEACH,FLORIDA,PIE,ZJX
0FD1,PANHANDLE HELICOPTER LLC HELIPORT,PANAMA CITY BEACH,FLORIDA,GNV,ZJX
0FD2,DOLPHIN STADIUM HELIPORT,MIAMI,FLORIDA,MIA,ZMA
0FD3,DUGGER FLD ARPT,FREEPORT,FLORIDA,GNV,ZJX
0FD4,YODER FLD ARPT,BLOUNTSTOWN,FLORIDA,GNV,ZJX
0FD5,BREEZY KNOLL ARPT,DEFUNIAK SPRINGS,FLORIDA,MCN,ZJX
0FD6,FULTON SPB,SEBASTIAN,FLORIDA,PIE,ZMA
0FD9,JOY FARMS ARPT,DEFUNIAK SPRINGS,FLORIDA,GNV,ZJX
0FL0,HARPER'S FLY-IN RANCH ARPT,CLEWISTON,FLORIDA,MIA,ZMA
0FL2,ALLIGATOR DRINK SPB,GENEVA,FLORIDA,PIE,ZJX
0FL3,OLD TOWN EMS HELIPORT,OLD TOWN,FLORIDA,GNV,ZJX
0FL4,JACKSON HELIPORT,ALFORD,FLORIDA,GNV,ZJX
0FL5,LAKE CONWAY SOUTH SPB,BELLE ISLE,FLORIDA,PIE,ZJX
0FL6,BEACH MOSQUITO CONTROL DISTRICT WEST HELIPORT,PANAMA CITY BEACH,FLORIDA,GNV,ZJX
0FL7,WKMG-TV HELIPORT,ORLANDO,FLORIDA,PIE,ZJX
0FL8,GARY GALE SPB,JACKSONVILLE,FLORIDA,GNV,ZJX
0FL9,MC DANIEL RANCH INC ARPT,CLEWISTON,FLORIDA,MIA,ZMA
0G0,NORTH BUFFALO SUBURBAN ARPT,LOCKPORT,NEW YORK,BUF,ZOB
0G3,TECUMSEH MUNI ARPT,TECUMSEH,NEBRASKA,OLU,ZMP
0G4,AWRS,BOULDER,COLORADO,null,null
0G5,GRAND MARAIS/COOK COUNTY SPB,GRAND MARAIS,MINNESOTA,PNM,ZMP
0G6,WILLIAMS COUNTY ARPT,BRYAN,OHIO,CLE,ZOB
0G7,FINGER LAKES RGNL ARPT,SENECA FALLS,NEW YORK,BUF,ZBW
0GA0,HALLS FLYING RANCH ARPT,HAMPTON,GEORGIA,MCN,ZTL
0GA1,MUSTANG FLD ARPT,HARTWELL,GEORGIA,MCN,ZTL
0GA2,"AIRNAUTIQUE, INC ARPT",HARTWELL,GEORGIA,MCN,ZTL
0GA3,AYRESOUTH ARPT,TEMPLE,GEORGIA,MCN,ZTL
0GA6,SUNSET STRIP ARPT,JERSEY,GEORGIA,MCN,ZTL
0GA8,PASO FINO FARM ARPT,VALDOSTA,GEORGIA,MCN,ZJX
0GA9,GENTLE LANDINGS AIR PARK ARPT,ROBERTA,GEORGIA,MCN,ZTL
0GE0,PINEWOOD ARPT,DOUGLASVILLE,GEORGIA,MCN,ZTL
0GE1,CRYSTAL LAKE AIRPARK ARPT,IRWINVILLE,GEORGIA,MCN,ZJX
0GE3,LOOKOUT MOUNTAIN ARPT,TRENTON,GEORGIA,MCN,ZTL
0GE4,PECAN PATCH AIRSTRIP ARPT,SUNNYSIDE,GEORGIA,MCN,ZTL
0GE5,MOUNTAIN AIRPARK ARPT,CLEVELAND,GEORGIA,MCN,ZTL
0GE7,CARPENTER ARPT,APPLING,GEORGIA,MCN,ZTL
0GE9,PEGASUS RANCH ARPT,ROCKY FORD,GEORGIA,MCN,ZJX
0H1,TREGO WAKEENEY ARPT,WAKEENEY,KANSAS,ICT,ZDV
0H7,KAHOKA MUNI ARPT,KAHOKA,MISSOURI,COU,ZKC
0I2,BRAZIL CLAY COUNTY ARPT,BRAZIL,INDIANA,HUF,ZID
0I4,FORT DRUM RCO,FORT DRUM,FLORIDA,PIE,null
0I8,CYNTHIANA-HARRISON COUNTY ARPT,CYNTHIANA,KENTUCKY,LOU,ZID
0IA0,KNOXVILLE AREA COMMUNITY HOSPITAL HELIPORT,KNOXVILLE,IOWA,FOD,ZMP
0IA1,ST ANTHONY RGNL HOSPITAL HELIPORT,CARROLL,IOWA,FOD,ZMP
0IA2,AUDUBON COUNTY MEML HOSPITAL HELIPORT,AUDUBON,IOWA,FOD,ZMP
0IA4,SHARAR FLD ARPT,MEDIAPOLIS,IOWA,FOD,ZAU
0IA5,MOORE ARPT,MILLERTON,IOWA,FOD,ZAU
0IA6,RGNL HEALTH SERVICES OF HOWARD COUNTY HELIPORT,CRESCO,IOWA,FOD,ZMP
0IA8,HANNEN ARPT,CENTER POINT,IOWA,FOD,ZAU
0IA9,ARMY RESERVE HELIPORT,MIDDLETON,IOWA,FOD,ZAU
0ID,W E RANCH ARPT,THATCHER,IDAHO,BOI,ZLC
0ID0,SOUTH FORK RANCH ARPT,FEATHERVILLE,IDAHO,BOI,ZLC
0ID1,ZIGGY'S ARPT,FILER,IDAHO,BOI,ZLC
0ID2,FLYING JOSEPH RANCH ARPT,MAY,IDAHO,BOI,ZLC
0ID3,COYOTE RUN ARPT,MOUNTAIN HOME,IDAHO,BOI,ZLC
0ID4,BLACK BUTTE RANCH ARPT,SHOSHONE,IDAHO,BOI,ZLC
0ID7,Z X RANCH ARPT,MURPHY,IDAHO,BOI,ZLC
0ID8,PINNACLE ARPT,GRANGEVILLE,IDAHO,BOI,ZSE
0ID9,CORRAL CREEK ARPT,HELMER,IDAHO,BOI,ZSE
0II0,CHUCK'S ARPT,ALBANY,INDIANA,HUF,ZID
0II2,CREIGHTON ARPT,BREMEN,INDIANA,HUF,ZAU
0II7,FROST FLD ARPT,GREENFIELD,INDIANA,HUF,ZID
0II8,SUTTON'S FLD ARPT,LOWELL,INDIANA,HUF,ZAU
0II9,WINTERS ARPT,HALL,INDIANA,HUF,ZID
0IL0,HAMILTON MEML HOSPITAL HELIPORT,MC LEANSBORO,ILLINOIS,STL,ZKC
0IL1,LOYOLA UNIVERSITY MEDICAL CENTER HELIPORT,MAYWOOD,ILLINOIS,IKK,ZAU
0IL2,GRIFFIN ARPT,ALMA,ILLINOIS,STL,ZKC
0IL3,OSF HEALTHCARE/URBANA HELIPORT,URBANA,ILLINOIS,STL,ZAU
0IL4,ADVOCATE GOOD SAMARITAN HOSPITAL HELIPORT,DOWNERS GROVE,ILLINOIS,IKK,ZAU
0IL5,OSF ST LUKE MEDICAL CENTER HELIPORT,KEWANEE,ILLINOIS,IKK,ZAU
0IL6,NORTHWESTERN MEMORIAL HEALTHCARE HELIPORT,DE KALB,ILLINOIS,IKK,ZAU
0IL7,DAVIS RLA ARPT,HAMMOND,ILLINOIS,STL,ZAU
0IL9,JACK W WATSON ARPT,DE KALB,ILLINOIS,IKK,ZAU
0IN,ST JOSEPH RIVER SPB,ELKHART,INDIANA,HUF,ZAU
0IN0,SPB,KENDALLVILLE,INDIANA,null,null
0IN1,SNIDER FLD ARPT,DECKER,INDIANA,HUF,ZID
0IN4,AIR PARK FLD ARPT,WOODBURN,INDIANA,HUF,ZAU
0IN5,BYRNE FLD ARPT,BYRNEVILLE,INDIANA,HUF,ZID
0IN6,MORRISON FLIGHT PARK ULTRALIGHT,LINTON,INDIANA,HUF,ZID
0IN9,PARRISH ARPT,MOUNT VERNON,INDIANA,HUF,ZID
0IS0,TRINITY MEDICAL CENTER - ROCK ISLAND HELIPORT,ROCK ISLAND,ILLINOIS,IKK,ZAU
0IS2,NORTHSHORE GLENBROOK HOSPITAL HELIPORT,GLENVIEW,ILLINOIS,IKK,ZAU
0IS3,CADY AERIAL ARPT,DEER GROVE,ILLINOIS,IKK,ZAU
0IS6,DONGOLA HELIPORT,DONGOLA,ILLINOIS,COU,ZME
0IS8,BLESSING HOSPITAL HELIPORT,QUINCY,ILLINOIS,STL,ZKC
0IS9,BERNARDIN HELIPORT,WEST BROOKLYN,ILLINOIS,IKK,ZAU
0J0,ABBEVILLE MUNI ARPT,ABBEVILLE,ALABAMA,ANB,ZJX
0J4,FLORALA MUNI ARPT,FLORALA,ALABAMA,ANB,ZJX
0J8,FLYING TEN ARPT,ARCHER,FLORIDA,GNV,ZJX
0J9,FLYING V ARPT,UTICA,NEBRASKA,OLU,ZMP
0JY9,FLEMING COUNTY HOSPITAL HELIPORT,FLEMINGSBURG,KENTUCKY,CBM,ZID
0K6,DOBIE'S ARPT,INOLA,OKLAHOMA,MLC,ZKC
0K7,HUMBOLDT MUNI ARPT,HUMBOLDT,IOWA,FOD,ZMP
0KS0,J V RANCH ARPT,OSAGE CITY,KANSAS,ICT,ZKC
0KS1,ARPT,GOESSEL,KANSAS,null,null
0KS2,LEVERTON ARPT,UDALL,KANSAS,ICT,ZKC
0KS4,NORRIS ARPT,LAWRENCE,KANSAS,ICT,ZKC
0KS5,OASIS AERODROME ARPT,GREAT BEND,KANSAS,ICT,ZKC
0KS7,MONO AIRCRAFT ARPT,CHENEY,KANSAS,ICT,ZKC
0KS8,PEARCE FLD ARPT,PARSONS,KANSAS,ICT,ZKC
0KS9,LMN 120 ARPT,DOUGLAS,KANSAS,ICT,ZKC
0KY0,OWEN AIR PARK ARPT,OWENTON,KENTUCKY,LOU,ZID
0KY1,ARNEMANN FARMS ARPT,FRANKLIN,KENTUCKY,LOU,ZME
0KY4,RUSSELL COUNTY AMBULANCE SERVICE HELIPORT,JAMESTOWN,KENTUCKY,LOU,ZID
0KY5,BOYCE WAFER FARM ARPT,BOWLING GREEN,KENTUCKY,LOU,ZME
0KY6,THE MEDICAL CENTER AT CAVERNA HELIPORT,HORSE CAVE,KENTUCKY,LOU,ZID
0KY7,CLINTON-HICKMAN COUNTY ARPT,CLINTON,KENTUCKY,LOU,ZME
0KY8,ARPT,SAND SPRINGS,OKLAHOMA,null,null
0KY9,BOURBON COMMUNITY HOSPITAL HELIPORT,PARIS,KENTUCKY,LOU,ZID
0L3,ZUMA BEACH CVLN WOS,MALIBU,CALIFORNIA,null,null
0L4,LIDA JUNCTION ARPT,GOLDFIELD,NEVADA,RNO,ZLA
0L6,WINN PARISH MEDICAL CENTER HELIPORT,WINNFIELD,LOUISIANA,DRI,ZHU
0L7,JEAN ARPT,JEAN,NEVADA,RNO,ZLA
0L9,ECHO BAY ARPT,OVERTON,NEVADA,RNO,ZLA
0LA0,WEST HACKBERRY HELIPORT,HACKBERRY,LOUISIANA,DRI,ZHU
0LA1,DOUBLE H RANCH ARPT,GONZALES,LOUISIANA,DRI,ZHU
0LA3,BELCHER AIRPATCH ARPT,BELCHER,LOUISIANA,DRI,ZFW
0LA4,NORTH CADDO MEDICAL CENTER HELIPORT,VIVIAN,LOUISIANA,DRI,ZFW
0LA5,CONOCO INC HELIPORT,GRAND ISLE,LOUISIANA,DRI,ZHU
0LA6,HARMON SPB,SCOTT,LOUISIANA,DRI,ZHU
0LA7,EXXON HELIPORT,GRAND ISLE,LOUISIANA,DRI,ZHU
0LA8,JACKSON PARISH HOSPITAL HELIPORT,JONESBORO,LOUISIANA,DRI,ZFW
0LA9,REBEL FLD ARPT,WALKER,LOUISIANA,DRI,ZHU
0LL0,KAUFIELD ARPT,BELVIDERE,ILLINOIS,IKK,ZAU
0LL1,JERSEYVILLE AVIATION INC ARPT,JERSEYVILLE,ILLINOIS,STL,ZKC
0LL3,KOENIG ARPT,JERSEYVILLE,ILLINOIS,STL,ZKC
0LL4,FLAHERTY FLD ARPT,LA SALLE,ILLINOIS,IKK,ZAU
0LL5,BUSBOOM ARPT,ST JOSEPH,ILLINOIS,STL,ZAU
0LL6,GORD ARPT,SANDWICH,ILLINOIS,IKK,ZAU
0LL7,VALLEY WEST HOSPITAL HELIPORT,SANDWICH,ILLINOIS,IKK,ZAU
0LS0,THERIOT FLD ARPT,THIBODAUX,LOUISIANA,DRI,ZHU
0LS3,EVERGREEN VENICE HELIPORT,VENICE,LOUISIANA,DRI,ZHU
0LS5,STAFFORD ARPT,CANKTON,LOUISIANA,DRI,ZHU
0LS7,MORGAN FLD ARPT,NEW ROADS,LOUISIANA,DRI,ZHU
0M0,BILLY FREE MUNI ARPT,DUMAS,ARKANSAS,JBR,ZME
0M2,REELFOOT LAKE ARPT,TIPTONVILLE,TENNESSEE,MKL,ZME
0M3,PAUL BRIDGES FLD ARPT,HOHENWALD,TENNESSEE,MKL,ZME
0M4,BENTON COUNTY ARPT,CAMDEN,TENNESSEE,MKL,ZME
0M5,HUMPHREYS COUNTY ARPT,WAVERLY,TENNESSEE,MKL,ZME
0M8,BYERLEY ARPT,LAKE PROVIDENCE,LOUISIANA,DRI,ZME
0M9,DELHI MUNI ARPT,DELHI,LOUISIANA,DRI,ZFW
0MA1,MASSACHUSETTS GENERAL HOSPITAL HELIPORT,BOSTON,MASSACHUSETTS,BDR,ZBW
0MA2,HEALTHALLIANCE HOSPITAL-LEOMINSTER HELIPORT,LEOMINSTER,MASSACHUSETTS,BDR,ZBW
0MA3,REH HELIPORT,REHOBOTH,MASSACHUSETTS,BDR,ZBW
0MA4,BOSTON MEDICAL CENTER HOSPITAL HELIPORT,BOSTON,MASSACHUSETTS,BDR,ZBW
0MA5,BROCKTON USAR CENTER HELIPORT,BROCKTON,MASSACHUSETTS,BDR,ZBW
0MA6,WBZ HELIPORT,BOSTON,MASSACHUSETTS,BDR,ZBW
0MA9,LLEIA KYLE O'MEARA HELIPORT,WESTMINSTER,MASSACHUSETTS,BDR,ZBW
0MD0,BALTIMORE WASHINGTON MEDICAL CENTER HELIPORT,GLEN BURNIE,MARYLAND,DCA,ZDC
0MD1,TAYLOR FLD ARPT,SUDLERSVILLE,MARYLAND,DCA,ZDC
0MD2,SQUIER LANDING ARPT,COBB ISLAND,MARYLAND,DCA,ZDC
0MD3,JOHNS HOPKINS HOSPITAL HELIPORT,BALTIMORE,MARYLAND,DCA,ZDC
0MD4,POND VIEW PVT ARPT,CHESTERTOWN,MARYLAND,DCA,ZDC
0MD5,GREATER LAUREL BELTSVILLE HOSPITAL HELIPORT,LAUREL,MARYLAND,DCA,ZDC
0MD6,WALTERS ARPT,MOUNT AIRY,MARYLAND,DCA,ZDC
0MD7,THE ASPEN INSTITUTE HELIPORT,QUEENSTOWN,MARYLAND,DCA,ZDC
0MD9,CALVERT HEALTH MEDICAL CENTER HELIPORT,PRINCE FREDERICK,MARYLAND,DCA,ZDC
0ME4,PEASLEY FLD ARPT,OTIS,MAINE,BGR,ZBW
0ME7,SEBAGO LAKE BASIN SPB,NORTH WINDHAM,MAINE,BGR,ZBW
0MI0,2110 SOUTH M-76 HELIPORT,WEST BRANCH,MICHIGAN,LAN,ZMP
0MI1,LAWLER HELIPORT,OAKLAND,MICHIGAN,LAN,ZOB
0MI4,LESTERSON-DEMPSEY AIRSTRIP ARPT,GWINN,MICHIGAN,GRB,ZMP
0MI5,MUNSON HEALTHCARE MANISTEE HOSPITAL HELIPORT,MANISTEE,MICHIGAN,LAN,ZMP
0MI6,YOUNG'S ARPT,HULBERT,MICHIGAN,GRB,ZMP
0MI7,FOUR STAR HELIPORT,CARLETON,MICHIGAN,LAN,ZOB
0MI8,OAKWOOD SOUTHSHORE MEDICAL CENTER HELIPORT,TRENTON,MICHIGAN,LAN,ZOB
0MI9,HENRY FORD HOSPITAL HELIPORT,DETROIT,MICHIGAN,LAN,ZOB
0MN0,WINNER'S LANDING SPB,ST PAUL PARK,MINNESOTA,PNM,ZMP
0MN1,MAYO CLINIC HEALTH SYSTEM - NEW PRAGUE HELIPORT,NEW PRAGUE,MINNESOTA,PNM,ZMP
0MN2,GRINDSTONE LAKE SPB,SANDSTONE,MINNESOTA,PNM,ZMP
0MN3,LOWER HAY LAKE SPB,JENKINS,MINNESOTA,PNM,ZMP
0MN4,PAUL'S SPB,NISSWA,MINNESOTA,PNM,ZMP
0MN5,SANFORD TRACY HELIPORT,TRACY,MINNESOTA,PNM,ZMP
0MN7,ELY BLOOMENSON COMMUNITY HOSPITAL HELIPORT,ELY,MINNESOTA,PNM,ZMP
0MN9,TRIPLE H HELIPORT,BIG LAKE,MINNESOTA,PNM,ZMP
0MO0,FERROS RANCH-AERO ARPT,CLINTON,MISSOURI,COU,ZKC
0MO1,FLYING G ARPT,CREIGHTON,MISSOURI,COU,ZKC
0MO3,VEACH FLD ARPT,FREEMAN,MISSOURI,COU,ZKC
0MO4,BERT WALTER BERKOWITZ HELIPORT,KANSAS CITY,MISSOURI,COU,ZKC
0MO5,JOE D LEWIS ARPT,EDINA,MISSOURI,COU,ZKC
0MO7,SSM HEALTH ST JOSEPH HOSPITAL-LAKE ST. LOUIS HELIPORT,LAKE SAINT LOUIS,MISSOURI,STL,ZKC
0MO8,SLOAN'S ARPT,ELSBERRY,MISSOURI,STL,ZKC
0MO9,EMERSON HELIPORT,FERGUSON,MISSOURI,STL,ZKC
0MS0,TOPTON AIR ESTATES ARPT,MERIDIAN,MISSISSIPPI,GWO,ZME
0MS2,MORGAN FLD ARPT,SEMINARY,MISSISSIPPI,GWO,ZHU
0MS3,BAPTIST MEML HOSPITAL-NORTH MS HELIPORT,OXFORD,MISSISSIPPI,GWO,ZME
0MS6,LEVERT HELIPORT,PASS CHRISTIAN,MISSISSIPPI,GWO,ZHU
0MS7,ADDISON-HENLEY FLD ARPT,PASS CHRISTIAN,MISSISSIPPI,MKL,ZHU
0MS8,CATFISH POINT ARPT,BENOIT,MISSISSIPPI,GWO,ZME
0MS9,SHENANDOAH VALLEY FARMS ARPT,HOUSTON,MISSISSIPPI,GWO,ZME
0MT1,WILLIAMS FLD ARPT,AUGUSTA,MONTANA,GTF,ZLC
0MT2,BIG SANDY MEDICAL CENTER HELIPORT,BIG SANDY,MONTANA,GTF,ZLC
0MT3,STOCK FARM HELIPORT,HAMILTON,MONTANA,GTF,ZLC
0MT4,KIMP ARPT,HAMILTON,MONTANA,GTF,ZLC
0MT5,COTTONWOOD ARPT,LAUREL,MONTANA,GTF,ZLC
0MT6,HANSON ARPT,MARION,MONTANA,GTF,ZLC
0MT7,PINEHURST RANCH ARPT,THOMPSON FALLS,MONTANA,GTF,ZSE
0MT8,GLACIER HELI TOURS HELIPORT,WEST GLACIER,MONTANA,GTF,ZLC
0MT9,LONE HAWK ARPT,WHITEFISH,MONTANA,GTF,ZLC
0MU1,SUNDERLAND ARPT,AVILLA,MISSOURI,COU,ZKC
0MU2,CHRISTIAN HOSPITAL NORTHEAST HELIPORT,FLORISSANT,MISSOURI,STL,ZKC
0MU3,HANNIBAL RGNL HOSPITAL HELIPORT,HANNIBAL,MISSOURI,STL,ZKC
0MU4,SLAUGHTER ARPT,MARCELINE,MISSOURI,COU,ZKC
0MU5,HOLDEN HELIPORT,HOLDEN,MISSOURI,COU,ZKC
0MU6,BRADBURY-ROLF MEML HELIPORT,HIGGINSVILLE,MISSOURI,COU,ZKC
0MU7,LAMBS FLD ARPT,LONE JACK,MISSOURI,COU,ZKC
0MU9,RPM ARPT,FAIR GROVE,MISSOURI,COU,ZKC
0MY1,BOZEMAN DEACONESS HOSPITAL HELIPORT,BOZEMAN,MONTANA,GTF,ZLC
0N0,ROOSTERVILLE ARPT,LIBERTY,MISSOURI,COU,ZKC
0N1,SAWRS,ABSECON BEACH,NEW JERSEY,null,null
0N4,CHANDELLE ARPT,DOVER,DELAWARE,MIV,ZDC
0N5,DELDOT HELISTOP HELIPORT,DOVER,DELAWARE,MIV,ZDC
0N6,ALBANNA AVIATION ARPT,FELTON,DELAWARE,MIV,ZDC
0NA1,GOERGER ARPT,BARNEY,NORTH DAKOTA,GFK,ZMP
0NA9,BOYD'S TURF ARPT,GOLVA,NORTH DAKOTA,GFK,ZLC
0NC0,WAYNE MEML HOSPITAL INC HELIPORT,GOLDSBORO,NORTH CAROLINA,RDU,ZDC
0NC1,H & J STRIP ARPT,ELON,NORTH CAROLINA,RDU,ZTL
0NC2,MOORE RGNL HOSPITAL HELIPORT,PINEHURST,NORTH CAROLINA,RDU,ZDC
0NC3,WASHINGTON COUNTY HOSPITAL HELIPORT,PLYMOUTH,NORTH CAROLINA,RDU,ZDC
0NC4,WAKE MEDICAL CENTER HELIPORT,RALEIGH,NORTH CAROLINA,RDU,ZDC
0NC5,NASH GENERAL HOSPITAL HELIPORT,ROCKY MOUNT,NORTH CAROLINA,RDU,ZDC
0NC6,OUR COMMUNITY HOSPITAL HELIPORT,SCOTLAND NECK,NORTH CAROLINA,RDU,ZDC
0NC7,LINDSAY ARPT,MADISON,NORTH CAROLINA,RDU,ZTL
0NC8,FLYING S RANCH ARPT,CLEVELAND,NORTH CAROLINA,RDU,ZTL
0NC9,MARIA PARHAM HEALTH HOSPITAL HELIPORT,HENDERSON,NORTH CAROLINA,RDU,ZDC
0ND0,GILBERTSON FLD ARPT,FLORA,NORTH DAKOTA,GFK,ZMP
0ND6,SCHUMACHER STRIP ARPT,HAGUE,NORTH DAKOTA,GFK,ZMP
0ND7,SAVILLE PVT ARPT,HAZELTON,NORTH DAKOTA,GFK,ZMP
0NE0,MERRIHEW ARPT,ASHBY,NEBRASKA,OLU,ZDV
0NE1,RUNNER LANDING AREA ARPT,ASHBY,NEBRASKA,OLU,ZDV
0NE3,SYRACUSE HOSPITAL HELIPORT,SYRACUSE,NEBRASKA,OLU,ZMP
0NE4,FRANKLIN COUNTY MEML HOSPITAL HELIPORT,FRANKLIN,NEBRASKA,OLU,ZMP
0NH7,LEINSING HELIPORT,DOVER,NEW HAMPSHIRE,BGR,ZBW
0NJ0,ATLANTIC CITY MEDICAL CENTER HELIPORT,ATLANTIC CITY,NEW JERSEY,MIV,ZDC
0NJ1,BERKELEY TOWNSHIP POLICE HELIPORT,BAYVILLE,NEW JERSEY,MIV,ZNY
